Workbook

Sheet Dash_Board
A1: PepsiCo Social Media Performance Dashboard
A5: Top Performer | E5: Most Successful Campaign
A7: Facebook | C7: Maximum reach and brand awareness, Facebook is the top performer | E7: The most successful campaign is FestiveRadiance, which achieved the highest number of Impressions, Likes, and Comments, along with one of the lowest Cost per Engagement. This combination of high visibility, strong audience interaction, and cost-efficiency clearly positions FestiveRadiance as the top performing campaign ........................................ Note: The highest Impression, Like and Engagement rate were observed during periods with no active campaign

Sheet Posts
A1: Post ID | B1: Platform | C1: Date | D1: Content Type | E1: Post Text | F1: Likes | G1: Shares | H1: Comments | I1: Impressions | J1: Reach | K1: Clicks | L1: Hashtags Used | M1: Campaign_Name
A2: P001 | B2: Twitter | C2: 2024-12-23 | D2: Reel | E2: Check out our latest reel on twitter! | F2: 1461 | G2: 184 | H2: 344 | I2: 21915 | J2: 21675 | K2: 15 | L2: #LiveForNow,#AnytimeIsPepsiTime | M2: SummerSplash
A3: P002 | B3: Twitter | C3: 2025-04-03 | D3: Text | E3: Check out our latest text on twitter! | F3: 4054 | G3: 389 | H3: 493 | I3: 64864 | J3: 64383 | K3: 117 | L3: #PepsiCoRefresh,#BetterWithPepsi | M3: FestiveRadiance
A4: P003 | B4: YouTube | C4: 2025-05-12 | D4: Reel | E4: Check out our latest reel on youtube! | F4: 2795 | G4: 105 | H4: 49 | I4: 53105 | J4: 52307 | K4: 204 | L4: #PepsiCoRefresh | M4: NewYearRefresh
A5: P004 | B5: Instagram | C5: 2024-08-12 | D5: Story | E5: Check out our latest story on instagram! | F5: 2404 | G5: 363 | H5: 138 | I5: 19232 | J5: 18636 | K5: 128 | L5: #ThirstyForMore | M5: DailyWellness
A6: P005 | B6: YouTube | C6: 2024-06-26 | D6: Reel | E6: Check out our latest reel on youtube! | F6: 3557 | G6: 687 | H6: 424 | I6: 71140 | J6: 70701 | K6: 224 | L6: #ThirstyForMore,#PepsiCoRefresh | M6: SummerSplash
A7: P006 | B7: Facebook | C7: 2024-10-31 | D7: Carousel | E7: Check out our latest carousel on facebook! | F7: 2945 | G7: 930 | H7: 355 | I7: 23560 | J7: 23275 | K7: 256 | L7: #PepsiCoRefresh | M7: FestiveRadiance
A8: P007 | B8: Twitter | C8: 2024-06-24 | D8: Carousel | E8: Check out our latest carousel on twitter! | F8: 3860 | G8: 201 | H8: 279 | I8: 61760 | J8: 61660 | K8: 235 | L8: #PepsiCoRefresh | M8: FestiveRadiance
A9: P008 | B9: YouTube | C9: 2024-07-13 | D9: Image | E9: Check out our latest image on youtube! | F9: 3929 | G9: 262 | H9: 278 | I9: 43219 | J9: 42841 | K9: 39 | L9: #ThirstyForMore | M9: DailyWellness
A10: P009 | B10: Facebook | C10: 2024-08-30 | D10: Text | E10: Check out our latest text on facebook! | F10: 3784 | G10: 808 | H10: 404 | I10: 56760 | J10: 56343 | K10: 131 | L10: #PepsiCoRefresh | M10: FestiveRadiance
A11: P010 | B11: Facebook | C11: 2025-03-11 | D11: Image | E11: Check out our latest image on facebook! | F11: 4241 | G11: 902 | H11: 47 | I11: 72097 | J11: 71598 | K11: 167 | L11: #PepsiCoRefresh | M11: FestiveRadiance
A12: P011 | B12: Instagram | C12: 2025-02-02 | D12: Story | E12: Check out our latest story on instagram! | F12: 1792 | G12: 614 | H12: 497 | I12: 25088 | J12: 24675 | K12: 65 | L12: #LiveForNow | M12: DailyWellness
A13: P012 | B13: Facebook | C13: 2024-07-21 | D13: Reel | E13: Check out our latest reel on facebook! | F13: 1946 | G13: 686 | H13: 377 | I13: 23352 | J13: 22982 | K13: 213 | L13: #LiveForNow | M13: NewYearRefresh
A14: P013 | B14: YouTube | C14: 2024-11-18 | D14: Carousel | E14: Check out our latest carousel on youtube! | F14: 1171 | G14: 286 | H14: 231 | I14: 22249 | J14: 21282 | K14: 114 | L14: #ThirstyForMore | M14: SummerSplash
A15: P014 | B15: Facebook | C15: 2025-02-16 | D15: Story | E15: Check out our latest story on facebook! | F15: 4242 | G15: 555 | H15: 131 | I15: 33936 | J15: 33802 | K15: 265 | L15: #LiveForNow
A16: P015 | B16: Facebook | C16: 2024-10-24 | D16: Video | E16: Check out our latest video on facebook! | F16: 3888 | G16: 604 | H16: 128 | I16: 77760 | J16: 77167 | K16: 20 | L16: #LiveForNow | M16: SummerSplash
A17: P016 | B17: Facebook | C17: 2024-08-26 | D17: Text | E17: Check out our latest text on facebook! | F17: 3452 | G17: 377 | H17: 360 | I17: 55232 | J17: 55075 | K17: 87 | L17: #LiveForNow | M17: NewYearRefresh
A18: P017 | B18: Facebook | C18: 2025-05-05 | D18: Text | E18: Check out our latest text on facebook! | F18: 4441 | G18: 511 | H18: 70 | I18: 53292 | J18: 53082 | K18: 159 | L18: #ThirstyForMore | M18: DailyWellness
A19: P018 | B19: Instagram | C19: 2024-08-19 | D19: Reel | E19: Check out our latest reel on instagram! | F19: 3000 | G19: 382 | H19: 325 | I19: 36000 | J19: 35819 | K19: 19 | L19: #LiveForNow | M19: SummerSplash
A20: P019 | B20: Instagram | C20: 2024-06-23 | D20: Video | E20: Check out our latest video on instagram! | F20: 1071 | G20: 519 | H20: 22 | I20: 16065 | J20: 15865 | K20: 103 | L20: #PepsiCoRefresh | M20: DailyWellness
A21: P020 | B21: Instagram | C21: 2024-09-09 | D21: Carousel | E21: Check out our latest carousel on instagram! | F21: 4054 | G21: 488 | H21: 373 | I21: 77026 | J21: 76881 | K21: 25 | L21: #PepsiCoRefresh | M21: SummerSplash
A22: P021 | B22: Instagram | C22: 2025-01-04 | D22: Reel | E22: Check out our latest reel on instagram! | F22: 4838 | G22: 640 | H22: 128 | I22: 72570 | J22: 72396 | K22: 83 | L22: #LiveForNow | M22: DailyWellness
A23: P022 | B23: Facebook | C23: 2025-02-27 | D23: Text | E23: Check out our latest text on facebook! | F23: 1570 | G23: 187 | H23: 260 | I23: 25120 | J23: 24613 | K23: 133 | L23: #PepsiCoRefresh | M23: DailyWellness
A24: P023 | B24: Facebook | C24: 2024-11-06 | D24: Video | E24: Check out our latest video on facebook! | F24: 1606 | G24: 547 | H24: 316 | I24: 32120 | J24: 31736 | K24: 225 | L24: #PepsiCoRefresh,#AnytimeIsPepsiTime | M24: FestiveRadiance
A25: P024 | B25: Facebook | C25: 2025-01-23 | D25: Video | E25: Check out our latest video on facebook! | F25: 3961 | G25: 761 | H25: 131 | I25: 67337 | J25: 66615 | K25: 161 | L25: #LiveForNow | M25: NewYearRefresh
A26: P025 | B26: Twitter | C26: 2025-04-10 | D26: Carousel | E26: Check out our latest carousel on twitter! | F26: 3128 | G26: 211 | H26: 197 | I26: 59432 | J26: 59182 | K26: 238 | L26: #ThirstyForMore
A27: P026 | B27: YouTube | C27: 2025-04-05 | D27: Reel | E27: Check out our latest reel on youtube! | F27: 3009 | G27: 413 | H27: 358 | I27: 42126 | J27: 41309 | K27: 211 | L27: #LiveForNow | M27: FestiveRadiance
A28: P027 | B28: YouTube | C28: 2024-09-17 | D28: Text | E28: Check out our latest text on youtube! | F28: 2076 | G28: 195 | H28: 104 | I28: 33216 | J28: 32244 | K28: 51 | L28: #LiveForNow | M28: DailyWellness
A29: P028 | B29: Instagram | C29: 2025-03-04 | D29: Video | E29: Check out our latest video on instagram! | F29: 432 | G29: 624 | H29: 123 | I29: 6912 | J29: 6259 | K29: 79 | L29: #LiveForNow | M29: DailyWellness
A30: P029 | B30: Instagram | C30: 2025-01-31 | D30: Carousel | E30: Check out our latest carousel on instagram! | F30: 2566 | G30: 118 | H30: 37 | I30: 12830 | J30: 12264 | K30: 221 | L30: #LiveForNow | M30: NewYearRefresh
A31: P030 | B31: Instagram | C31: 2025-02-25 | D31: Video | E31: Check out our latest video on instagram! | F31: 3095 | G31: 39 | H31: 78 | I31: 55710 | J31: 54808 | K31: 93 | L31: #ThirstyForMore
A32: P031 | B32: Instagram | C32: 2024-12-16 | D32: Text | E32: Check out our latest text on instagram! | F32: 438 | G32: 153 | H32: 275 | I32: 3066 | J32: 2701 | K32: 282 | L32: #PepsiCoRefresh | M32: FestiveRadiance
A33: P032 | B33: Twitter | C33: 2024-07-31 | D33: Carousel | E33: Check out our latest carousel on twitter! | F33: 2278 | G33: 10 | H33: 321 | I33: 13668 | J33: 12676 | K33: 275 | L33: #ThirstyForMore | M33: SummerSplash
A34: P033 | B34: Facebook | C34: 2024-08-21 | D34: Image | E34: Check out our latest image on facebook! | F34: 1407 | G34: 400 | H34: 351 | I34: 16884 | J34: 15954 | K34: 113 | L34: #PepsiCoRefresh | M34: SummerSplash
A35: P034 | B35: Facebook | C35: 2025-03-26 | D35: Text | E35: Check out our latest text on facebook! | F35: 1652 | G35: 89 | H35: 357 | I35: 29736 | J35: 28771 | K35: 215 | L35: #PepsiCoRefresh | M35: NewYearRefresh
A36: P035 | B36: Instagram | C36: 2024-11-30 | D36: Video | E36: Check out our latest video on instagram! | F36: 3775 | G36: 16 | H36: 239 | I36: 33975 | J36: 33310 | K36: 271 | L36: #LiveForNow | M36: FestiveRadiance
A37: P036 | B37: Instagram | C37: 2025-04-19 | D37: Story | E37: Check out our latest story on instagram! | F37: 4518 | G37: 285 | H37: 383 | I37: 67770 | J37: 67621 | K37: 31 | L37: #ThirstyForMore | M37: FestiveRadiance
A38: P037 | B38: Facebook | C38: 2025-01-06 | D38: Carousel | E38: Check out our latest carousel on facebook! | F38: 3024 | G38: 925 | H38: 350 | I38: 24192 | J38: 23518 | K38: 36 | L38: #ThirstyForMore | M38: FestiveRadiance
A39: P038 | B39: YouTube | C39: 2025-02-17 | D39: Reel | E39: Check out our latest reel on youtube! | F39: 3138 | G39: 123 | H39: 291 | I39: 28242 | J39: 27550 | K39: 87 | L39: #PepsiCoRefresh | M39: DailyWellness
A40: P039 | B40: Facebook | C40: 2024-11-25 | D40: Image | E40: Check out our latest image on facebook! | F40: 3564 | G40: 629 | H40: 177 | I40: 60588 | J40: 59627 | K40: 92 | L40: #PepsiCoRefresh
A41: P040 | B41: Twitter | C41: 2025-03-07 | D41: Image | E41: Check out our latest image on twitter! | F41: 4750 | G41: 151 | H41: 415 | I41: 38000 | J41: 37792 | K41: 299 | L41: #ThirstyForMore | M41: DailyWellness
A42: P041 | B42: Instagram | C42: 2025-03-08 | D42: Reel | E42: Check out our latest reel on instagram! | F42: 456 | G42: 629 | H42: 428 | I42: 8208 | J42: 7377 | K42: 205 | L42: #LiveForNow | M42: DailyWellness
A43: P042 | B43: YouTube | C43: 2025-03-05 | D43: Reel | E43: Check out our latest reel on youtube! | F43: 1543 | G43: 820 | H43: 333 | I43: 12344 | J43: 11496 | K43: 241 | L43: #ThirstyForMore
A44: P043 | B44: Instagram | C44: 2024-12-14 | D44: Carousel | E44: Check out our latest carousel on instagram! | F44: 2174 | G44: 658 | H44: 15 | I44: 13044 | J44: 12206 | K44: 137 | L44: #PepsiCoRefresh | M44: NewYearRefresh
A45: P044 | B45: Twitter | C45: 2025-03-02 | D45: Image | E45: Check out our latest image on twitter! | F45: 2358 | G45: 784 | H45: 344 | I45: 35370 | J45: 34475 | K45: 216 | L45: #PepsiCoRefresh
A46: P045 | B46: Facebook | C46: 2024-11-01 | D46: Video | E46: Check out our latest video on facebook! | F46: 3371 | G46: 106 | H46: 327 | I46: 50565 | J46: 49816 | K46: 176 | L46: #LiveForNow | M46: SummerSplash
A47: P046 | B47: Twitter | C47: 2025-05-02 | D47: Video | E47: Check out our latest video on twitter! | F47: 1108 | G47: 177 | H47: 212 | I47: 8864 | J47: 8710 | K47: 97 | L47: #PepsiCoRefresh | M47: DailyWellness
A48: P047 | B48: Twitter | C48: 2025-02-24 | D48: Carousel | E48: Check out our latest carousel on twitter! | F48: 2704 | G48: 752 | H48: 153 | I48: 21632 | J48: 20792 | K48: 127 | L48: #LiveForNow
A49: P048 | B49: Twitter | C49: 2025-03-11 | D49: Story | E49: Check out our latest story on twitter! | F49: 1950 | G49: 295 | H49: 478 | I49: 37050 | J49: 36272 | K49: 119 | L49: #PepsiCoRefresh
A50: P049 | B50: Twitter | C50: 2024-06-10 | D50: Story | E50: Check out our latest story on twitter! | F50: 2164 | G50: 549 | H50: 274 | I50: 28132 | J50: 27361 | K50: 177 | L50: #PepsiCoRefresh | M50: DailyWellness
A51: P050 | B51: YouTube | C51: 2024-07-03 | D51: Story | E51: Check out our latest story on youtube! | F51: 2754 | G51: 130 | H51: 90 | I51: 22032 | J51: 21288 | K51: 112 | L51: #PepsiCoRefresh | M51: NewYearRefresh
A52: P051 | B52: Facebook | C52: 2024-06-13 | D52: Carousel | E52: Check out our latest carousel on facebook! | F52: 2200 | G52: 504 | H52: 239 | I52: 37400 | J52: 36938 | K52: 225 | L52: #LiveForNow | M52: FestiveRadiance
A53: P052 | B53: Facebook | C53: 2025-01-03 | D53: Image | E53: Check out our latest image on facebook! | F53: 947 | G53: 338 | H53: 350 | I53: 10417 | J53: 9730 | K53: 34 | L53: #PepsiCoRefresh | M53: DailyWellness
A54: P053 | B54: YouTube | C54: 2025-02-24 | D54: Carousel | E54: Check out our latest carousel on youtube! | F54: 804 | G54: 639 | H54: 43 | I54: 4020 | J54: 3144 | K54: 11 | L54: #ThirstyForMore,#BetterWithPepsi
A55: P054 | B55: YouTube | C55: 2025-03-13 | D55: Carousel | E55: Check out our latest carousel on youtube! | F55: 1686 | G55: 904 | H55: 472 | I55: 18546 | J55: 18171 | K55: 52 | L55: #LiveForNow | M55: FestiveRadiance
A56: P055 | B56: Facebook | C56: 2024-06-17 | D56: Image | E56: Check out our latest image on facebook! | F56: 1226 | G56: 119 | H56: 7 | I56: 14712 | J56: 14049 | K56: 123 | L56: #ThirstyForMore | M56: DailyWellness
A57: P056 | B57: Facebook | C57: 2024-12-18 | D57: Carousel | E57: Check out our latest carousel on facebook! | F57: 2946 | G57: 498 | H57: 367 | I57: 29460 | J57: 28527 | K57: 60 | L57: #LiveForNow | M57: NewYearRefresh
A58: P057 | B58: Twitter | C58: 2024-10-21 | D58: Video | E58: Check out our latest video on twitter! | F58: 2825 | G58: 535 | H58: 295 | I58: 45200 | J58: 44739 | K58: 169 | L58: #PepsiCoRefresh | M58: SummerSplash
A59: P058 | B59: Instagram | C59: 2025-04-15 | D59: Reel | E59: Check out our latest reel on instagram! | F59: 103 | G59: 770 | H59: 19 | I59: 1030 | J59: 410 | K59: 262 | L59: #PepsiCoRefresh | M59: DailyWellness
A60: P059 | B60: Instagram | C60: 2024-06-22 | D60: Text | E60: Check out our latest text on instagram! | F60: 2180 | G60: 263 | H60: 387 | I60: 30520 | J60: 30059 | K60: 174 | L60: #ThirstyForMore
A61: P060 | B61: Instagram | C61: 2025-01-28 | D61: Video | E61: Check out our latest video on instagram! | F61: 904 | G61: 973 | H61: 63 | I61: 11752 | J61: 11580 | K61: 84 | L61: #ThirstyForMore,#PepsiCoRefresh,#AnytimeIsPepsiTime | M61: NewYearRefresh
A62: P061 | B62: Twitter | C62: 2024-09-05 | D62: Video | E62: Check out our latest video on twitter! | F62: 4886 | G62: 983 | H62: 409 | I62: 43974 | J62: 43239 | K62: 65 | L62: #PepsiCoRefresh | M62: SummerSplash
A63: P062 | B63: Twitter | C63: 2024-11-22 | D63: Carousel | E63: Check out our latest carousel on twitter! | F63: 53 | G63: 81 | H63: 379 | I63: 954 | J63: 7 | K63: 148 | L63: #PepsiCoRefresh | M63: NewYearRefresh
A64: P063 | B64: Twitter | C64: 2024-07-31 | D64: Carousel | E64: Check out our latest carousel on twitter! | F64: 4507 | G64: 217 | H64: 13 | I64: 90140 | J64: 89591 | K64: 125 | L64: #LiveForNow | M64: NewYearRefresh
A65: P064 | B65: Facebook | C65: 2024-08-17 | D65: Image | E65: Check out our latest image on facebook! | F65: 2878 | G65: 248 | H65: 416 | I65: 43170 | J65: 42667 | K65: 75 | L65: #LiveForNow | M65: NewYearRefresh
A66: P065 | B66: Instagram | C66: 2025-03-28 | D66: Story | E66: Check out our latest story on instagram! | F66: 1881 | G66: 501 | H66: 99 | I66: 20691 | J66: 19987 | K66: 289 | L66: #ThirstyForMore
A67: P066 | B67: Twitter | C67: 2024-07-26 | D67: Carousel | E67: Check out our latest carousel on twitter! | F67: 432 | G67: 171 | H67: 280 | I67: 3024 | J67: 2285 | K67: 184 | L67: #ThirstyForMore | M67: SummerSplash
A68: P067 | B68: Facebook | C68: 2025-03-29 | D68: Carousel | E68: Check out our latest carousel on facebook! | F68: 4712 | G68: 568 | H68: 127 | I68: 84816 | J68: 84691 | K68: 100 | L68: #ThirstyForMore | M68: NewYearRefresh
A69: P068 | B69: Instagram | C69: 2024-12-08 | D69: Story | E69: Check out our latest story on instagram! | F69: 2610 | G69: 126 | H69: 288 | I69: 15660 | J69: 15145 | K69: 73 | L69: #ThirstyForMore
A70: P069 | B70: Twitter | C70: 2025-03-08 | D70: Text | E70: Check out our latest text on twitter! | F70: 1292 | G70: 626 | H70: 496 | I70: 25840 | J70: 24916 | K70: 149 | L70: #LiveForNow | M70: NewYearRefresh
A71: P070 | B71: Facebook | C71: 2025-04-02 | D71: Video | E71: Check out our latest video on facebook! | F71: 199 | G71: 772 | H71: 400 | I71: 3582 | J71: 2988 | K71: 43 | L71: #PepsiCoRefresh
A72: P071 | B72: YouTube | C72: 2024-09-02 | D72: Carousel | E72: Check out our latest carousel on youtube! | F72: 2551 | G72: 915 | H72: 205 | I72: 30612 | J72: 30360 | K72: 227 | L72: #PepsiCoRefresh | M72: FestiveRadiance
A73: P072 | B73: YouTube | C73: 2025-03-03 | D73: Reel | E73: Check out our latest reel on youtube! | F73: 296 | G73: 60 | H73: 141 | I73: 5624 | J73: 5239 | K73: 88 | L73: #ThirstyForMore | M73: FestiveRadiance
A74: P073 | B74: Facebook | C74: 2024-10-18 | D74: Story | E74: Check out our latest story on facebook! | F74: 4126 | G74: 426 | H74: 486 | I74: 78394 | J74: 77798 | K74: 88 | L74: #LiveForNow | M74: DailyWellness
A75: P074 | B75: YouTube | C75: 2024-10-28 | D75: Reel | E75: Check out our latest reel on youtube! | F75: 1855 | G75: 200 | H75: 174 | I75: 16695 | J75: 16330 | K75: 123 | L75: #PepsiCoRefresh | M75: NewYearRefresh
A76: P075 | B76: Instagram | C76: 2024-08-01 | D76: Reel | E76: Check out our latest reel on instagram! | F76: 1674 | G76: 929 | H76: 37 | I76: 21762 | J76: 20998 | K76: 255 | L76: #PepsiCoRefresh | M76: DailyWellness
A77: P076 | B77: Twitter | C77: 2024-11-07 | D77: Story | E77: Check out our latest story on twitter! | F77: 1121 | G77: 135 | H77: 18 | I77: 15694 | J77: 14957 | K77: 99 | L77: #PepsiCoRefresh | M77: DailyWellness
A78: P077 | B78: Facebook | C78: 2025-03-04 | D78: Story | E78: Check out our latest story on facebook! | F78: 1249 | G78: 116 | H78: 420 | I78: 8743 | J78: 8538 | K78: 63 | L78: #PepsiCoRefresh
A79: P078 | B79: Twitter | C79: 2024-06-17 | D79: Image | E79: Check out our latest image on twitter! | F79: 954 | G79: 324 | H79: 288 | I79: 19080 | J79: 18859 | K79: 21 | L79: #LiveForNow | M79: DailyWellness
A80: P079 | B80: Instagram | C80: 2024-10-09 | D80: Carousel | E80: Check out our latest carousel on instagram! | F80: 3068 | G80: 137 | H80: 329 | I80: 39884 | J80: 39404 | K80: 266 | L80: #ThirstyForMore | M80: FestiveRadiance
A81: P080 | B81: Instagram | C81: 2024-06-13 | D81: Story | E81: Check out our latest story on instagram! | F81: 2103 | G81: 892 | H81: 103 | I81: 39957 | J81: 39466 | K81: 28 | L81: #LiveForNow
A82: P081 | B82: Instagram | C82: 2024-10-19 | D82: Story | E82: Check out our latest story on instagram! | F82: 1816 | G82: 29 | H82: 41 | I82: 19976 | J82: 19262 | K82: 283 | L82: #PepsiCoRefresh | M82: NewYearRefresh
A83: P082 | B83: Instagram | C83: 2024-07-24 | D83: Image | E83: Check out our latest image on instagram! | F83: 725 | G83: 88 | H83: 428 | I83: 14500 | J83: 13637 | K83: 200 | L83: #LiveForNow,#PepsiCoRefresh,#AnytimeIsPepsiTime | M83: NewYearRefresh
A84: P083 | B84: YouTube | C84: 2024-10-15 | D84: Video | E84: Check out our latest video on youtube! | F84: 1094 | G84: 472 | H84: 21 | I84: 9846 | J84: 9609 | K84: 112 | L84: #ThirstyForMore
A85: P084 | B85: Facebook | C85: 2024-12-09 | D85: Image | E85: Check out our latest image on facebook! | F85: 1841 | G85: 851 | H85: 342 | I85: 34979 | J85: 34154 | K85: 255 | L85: #LiveForNow | M85: DailyWellness
A86: P085 | B86: Instagram | C86: 2025-04-19 | D86: Image | E86: Check out our latest image on instagram! | F86: 4177 | G86: 569 | H86: 55 | I86: 25062 | J86: 24847 | K86: 230 | L86: #LiveForNow | M86: SummerSplash
A87: P086 | B87: YouTube | C87: 2025-01-27 | D87: Text | E87: Check out our latest text on youtube! | F87: 3428 | G87: 305 | H87: 85 | I87: 58276 | J87: 58052 | K87: 242 | L87: #ThirstyForMore,#BetterWithPepsi | M87: DailyWellness
A88: P087 | B88: Twitter | C88: 2024-06-06 | D88: Video | E88: Check out our latest video on twitter! | F88: 1436 | G88: 765 | H88: 496 | I88: 12924 | J88: 12701 | K88: 197 | L88: #LiveForNow | M88: NewYearRefresh
A89: P088 | B89: Facebook | C89: 2024-07-07 | D89: Story | E89: Check out our latest story on facebook! | F89: 302 | G89: 47 | H89: 430 | I89: 5738 | J89: 4890 | K89: 25 | L89: #PepsiCoRefresh | M89: DailyWellness
A90: P089 | B90: Twitter | C90: 2025-01-10 | D90: Image | E90: Check out our latest image on twitter! | F90: 2214 | G90: 249 | H90: 152 | I90: 15498 | J90: 14800 | K90: 180 | L90: #ThirstyForMore
A91: P090 | B91: Instagram | C91: 2024-06-03 | D91: Image | E91: Check out our latest image on instagram! | F91: 3861 | G91: 960 | H91: 101 | I91: 69498 | J91: 68817 | K91: 297 | L91: #PepsiCoRefresh | M91: DailyWellness
A92: P091 | B92: Facebook | C92: 2025-03-24 | D92: Image | E92: Check out our latest image on facebook! | F92: 1263 | G92: 397 | H92: 357 | I92: 25260 | J92: 24615 | K92: 137 | L92: #ThirstyForMore | M92: DailyWellness
A93: P092 | B93: Twitter | C93: 2024-10-21 | D93: Story | E93: Check out our latest story on twitter! | F93: 3801 | G93: 967 | H93: 401 | I93: 38010 | J93: 37625 | K93: 236 | L93: #LiveForNow | M93: NewYearRefresh
A94: P093 | B94: Instagram | C94: 2024-12-11 | D94: Video | E94: Check out our latest video on instagram! | F94: 1431 | G94: 951 | H94: 26 | I94: 8586 | J94: 8396 | K94: 150 | L94: #ThirstyForMore | M94: NewYearRefresh
A95: P094 | B95: Instagram | C95: 2024-11-07 | D95: Image | E95: Check out our latest image on instagram! | F95: 2647 | G95: 304 | H95: 170 | I95: 18529 | J95: 17841 | K95: 46 | L95: #LiveForNow | M95: NewYearRefresh
A96: P095 | B96: Instagram | C96: 2024-11-08 | D96: Text | E96: Check out our latest text on instagram! | F96: 3182 | G96: 559 | H96: 160 | I96: 57276 | J96: 56890 | K96: 163 | L96: #LiveForNow | M96: DailyWellness
A97: P096 | B97: Twitter | C97: 2024-09-10 | D97: Image | E97: Check out our latest image on twitter! | F97: 1238 | G97: 366 | H97: 444 | I97: 19808 | J97: 19334 | K97: 123 | L97: #LiveForNow
A98: P097 | B98: Instagram | C98: 2024-08-13 | D98: Image | E98: Check out our latest image on instagram! | F98: 4739 | G98: 527 | H98: 135 | I98: 61607 | J98: 61333 | K98: 36 | L98: #PepsiCoRefresh,#AnytimeIsPepsiTime | M98: FestiveRadiance
A99: P098 | B99: Twitter | C99: 2024-06-10 | D99: Story | E99: Check out our latest story on twitter! | F99: 1575 | G99: 771 | H99: 486 | I99: 25200 | J99: 24826 | K99: 17 | L99: #LiveForNow | M99: DailyWellness
A100: P099 | B100: YouTube | C100: 2024-07-02 | D100: Carousel | E100: Check out our latest carousel on youtube! | F100: 4171 | G100: 548 | H100: 86 | I100: 66736 | J100: 66634 | K100: 173 | L100: #LiveForNow | M100: NewYearRefresh
...

Sheet Cleaned_Data
A1: Post ID | B1: Platform | C1: Date | D1: Content Type | E1: Post Text | F1: Likes | G1: Shares | H1: Comments | I1: Impressions | J1: Reach | K1: Clicks | L1: Hashtags Used | M1: Campaign_Name | N1: Total Engagement | O1: Engagement Rate | P1: Campaign_Name2 | Q1: Start Date | R1: End Date | S1: Budget | T1: Per-Post Budget
A2: P001 | B2: Twitter | C2: 45649 | D2: Reel | E2: Check out our latest reel on twitter! | F2: 1461 | G2: 184 | H2: 344 | I2: 21915 | J2: 21675 | K2: 15 | L2: #LiveForNow,#AnytimeIsPepsiTime | M2: SummerSplash | N2: =SUM(F2,G2,H2) -> 1989 | O2: =IFERROR((Table1[[#This Row],[Likes]]+Table1[[#This Row],[Shares]]+Table1[[#This Row],[Comments]])/Table1[[#This Row],[Impressions]], 0) -> 0.090759754 | P2: {=IFERROR(INDEX('Campaign Metadata (2)'!$A$2:$A$10, MATCH(1, (C2>='Campaign Metadata (2)'!$B$2:$B$10) * (C2<='Campaign Metadata (2)'!$C$2:$C$10), 0)), "No Campaign")} -> No Campaign | Q2: =VLOOKUP(Table1[[#This Row],[Campaign_Name2]],Table3[#All],2,) -> #N/A | R2: =VLOOKUP(Table1[[#This Row],[Campaign_Name2]],Table3[#All],3,FALSE) -> #N/A | S2: =VLOOKUP(Table1[[#This Row],[Campaign_Name2]],Table3[],5,FALSE) -> #N/A | T2: =IF(Table1[[#This Row],[Campaign_Name2]]="No Campaign", 0, Table1[[#This Row],[Budget]]/COUNTIF(Table1[Campaign_Name2],Table1[[#This Row],[Campaign_Name2]])) -> 0
A3: P002 | B3: Twitter | C3: 45750 | D3: Text | E3: Check out our latest text on twitter! | F3: 4054 | G3: 389 | H3: 493 | I3: 64864 | J3: 64383 | K3: 117 | L3: #PepsiCoRefresh,#BetterWithPepsi | M3: FestiveRadiance | N3: =SUM(F3,G3,H3) -> 4936 | O3: =IFERROR((Table1[[#This Row],[Likes]]+Table1[[#This Row],[Shares]]+Table1[[#This Row],[Comments]])/Table1[[#This Row],[Impressions]], 0) -> 0.076097681 | P3: {=IFERROR(INDEX('Campaign Metadata (2)'!$A$2:$A$10, MATCH(1, (C3>='Campaign Metadata (2)'!$B$2:$B$10) * (C3<='Campaign Metadata (2)'!$C$2:$C$10), 0)), "No Campaign")} -> No Campaign | Q3: =VLOOKUP(Table1[[#This Row],[Campaign_Name2]],Table3[#All],2,) -> #N/A | R3: =VLOOKUP(Table1[[#This Row],[Campaign_Name2]],Table3[#All],3,FALSE) -> #N/A | S3: =VLOOKUP(Table1[[#This Row],[Campaign_Name2]],Table3[],5,FALSE) -> #N/A | T3: =IF(Table1[[#This Row],[Campaign_Name2]]="No Campaign", 0, Table1[[#This Row],[Budget]]/COUNTIF(Table1[Campaign_Name2],Table1[[#This Row],[Campaign_Name2]])) -> 0
A4: P003 | B4: YouTube | C4: 45789 | D4: Reel | E4: Check out our latest reel on youtube! | F4: 2795 | G4: 105 | H4: 49 | I4: 53105 | J4: 52307 | K4: 204 | L4: #PepsiCoRefresh | M4: NewYearRefresh | N4: =SUM(F4,G4,H4) -> 2949 | O4: =IFERROR((Table1[[#This Row],[Likes]]+Table1[[#This Row],[Shares]]+Table1[[#This Row],[Comments]])/Table1[[#This Row],[Impressions]], 0) -> 0.055531494 | P4: {=IFERROR(INDEX('Campaign Metadata (2)'!$A$2:$A$10, MATCH(1, (C4>='Campaign Metadata (2)'!$B$2:$B$10) * (C4<='Campaign Metadata (2)'!$C$2:$C$10), 0)), "No Campaign")} -> No Campaign | Q4: =VLOOKUP(Table1[[#This Row],[Campaign_Name2]],Table3[#All],2,) -> #N/A | R4: =VLOOKUP(Table1[[#This Row],[Campaign_Name2]],Table3[#All],3,FALSE) -> #N/A | S4: =VLOOKUP(Table1[[#This Row],[Campaign_Name2]],Table3[],5,FALSE) -> #N/A | T4: =IF(Table1[[#This Row],[Campaign_Name2]]="No Campaign", 0, Table1[[#This Row],[Budget]]/COUNTIF(Table1[Campaign_Name2],Table1[[#This Row],[Campaign_Name2]])) -> 0
A5: P004 | B5: Instagram | C5: 45516 | D5: Story | E5: Check out our latest story on instagram! | F5: 2404 | G5: 363 | H5: 138 | I5: 19232 | J5: 18636 | K5: 128 | L5: #ThirstyForMore | M5: DailyWellness | N5: =SUM(F5,G5,H5) -> 2905 | O5: =IFERROR((Table1[[#This Row],[Likes]]+Table1[[#This Row],[Shares]]+Table1[[#This Row],[Comments]])/Table1[[#This Row],[Impressions]], 0) -> 0.15105033 | P5: {=IFERROR(INDEX('Campaign Metadata (2)'!$A$2:$A$10, MATCH(1, (C5>='Campaign Metadata (2)'!$B$2:$B$10) * (C5<='Campaign Metadata (2)'!$C$2:$C$10), 0)), "No Campaign")} -> No Campaign | Q5: =VLOOKUP(Table1[[#This Row],[Campaign_Name2]],Table3[#All],2,) -> #N/A | R5: =VLOOKUP(Table1[[#This Row],[Campaign_Name2]],Table3[#All],3,FALSE) -> #N/A | S5: =VLOOKUP(Table1[[#This Row],[Campaign_Name2]],Table3[],5,FALSE) -> #N/A | T5: =IF(Table1[[#This Row],[Campaign_Name2]]="No Campaign", 0, Table1[[#This Row],[Budget]]/COUNTIF(Table1[Campaign_Name2],Table1[[#This Row],[Campaign_Name2]])) -> 0
A6: P005 | B6: YouTube | C6: 45469 | D6: Reel | E6: Check out our latest reel on youtube! | F6: 3557 | G6: 687 | H6: 424 | I6: 71140 | J6: 70701 | K6: 224 | L6: #ThirstyForMore,#PepsiCoRefresh | M6: SummerSplash | N6: =SUM(F6,G6,H6) -> 4668 | O6: =IFERROR((Table1[[#This Row],[Likes]]+Table1[[#This Row],[Shares]]+Table1[[#This Row],[Comments]])/Table1[[#This Row],[Impressions]], 0) -> 0.065617093 | P6: {=IFERROR(INDEX('Campaign Metadata (2)'!$A$2:$A$10, MATCH(1, (C6>='Campaign Metadata (2)'!$B$2:$B$10) * (C6<='Campaign Metadata (2)'!$C$2:$C$10), 0)), "No Campaign")} -> SummerSplash | Q6: =VLOOKUP(Table1[[#This Row],[Campaign_Name2]],Table3[#All],2,) -> 45458 | R6: =VLOOKUP(Table1[[#This Row],[Campaign_Name2]],Table3[#All],3,FALSE) -> 45488 | S6: =VLOOKUP(Table1[[#This Row],[Campaign_Name2]],Table3[],5,FALSE) -> 150000 | T6: =IF(Table1[[#This Row],[Campaign_Name2]]="No Campaign", 0, Table1[[#This Row],[Budget]]/COUNTIF(Table1[Campaign_Name2],Table1[[#This Row],[Campaign_Name2]])) -> 5555.5556
A7: P006 | B7: Facebook | C7: 45596 | D7: Carousel | E7: Check out our latest carousel on facebook! | F7: 2945 | G7: 930 | H7: 355 | I7: 23560 | J7: 23275 | K7: 256 | L7: #PepsiCoRefresh | M7: FestiveRadiance | N7: =SUM(F7,G7,H7) -> 4230 | O7: =IFERROR((Table1[[#This Row],[Likes]]+Table1[[#This Row],[Shares]]+Table1[[#This Row],[Comments]])/Table1[[#This Row],[Impressions]], 0) -> 0.1795416 | P7: {=IFERROR(INDEX('Campaign Metadata (2)'!$A$2:$A$10, MATCH(1, (C7>='Campaign Metadata (2)'!$B$2:$B$10) * (C7<='Campaign Metadata (2)'!$C$2:$C$10), 0)), "No Campaign")} -> FestiveRadiance | Q7: =VLOOKUP(Table1[[#This Row],[Campaign_Name2]],Table3[#All],2,) -> 45566 | R7: =VLOOKUP(Table1[[#This Row],[Campaign_Name2]],Table3[#All],3,FALSE) -> 45596 | S7: =VLOOKUP(Table1[[#This Row],[Campaign_Name2]],Table3[],5,FALSE) -> 200000 | T7: =IF(Table1[[#This Row],[Campaign_Name2]]="No Campaign", 0, Table1[[#This Row],[Budget]]/COUNTIF(Table1[Campaign_Name2],Table1[[#This Row],[Campaign_Name2]])) -> 5714.2857
A8: P007 | B8: Twitter | C8: 45467 | D8: Carousel | E8: Check out our latest carousel on twitter! | F8: 3860 | G8: 201 | H8: 279 | I8: 61760 | J8: 61660 | K8: 235 | L8: #PepsiCoRefresh | M8: FestiveRadiance | N8: =SUM(F8,G8,H8) -> 4340 | O8: =IFERROR((Table1[[#This Row],[Likes]]+Table1[[#This Row],[Shares]]+Table1[[#This Row],[Comments]])/Table1[[#This Row],[Impressions]], 0) -> 0.070272021 | P8: {=IFERROR(INDEX('Campaign Metadata (2)'!$A$2:$A$10, MATCH(1, (C8>='Campaign Metadata (2)'!$B$2:$B$10) * (C8<='Campaign Metadata (2)'!$C$2:$C$10), 0)), "No Campaign")} -> SummerSplash | Q8: =VLOOKUP(Table1[[#This Row],[Campaign_Name2]],Table3[#All],2,) -> 45458 | R8: =VLOOKUP(Table1[[#This Row],[Campaign_Name2]],Table3[#All],3,FALSE) -> 45488 | S8: =VLOOKUP(Table1[[#This Row],[Campaign_Name2]],Table3[],5,FALSE) -> 150000 | T8: =IF(Table1[[#This Row],[Campaign_Name2]]="No Campaign", 0, Table1[[#This Row],[Budget]]/COUNTIF(Table1[Campaign_Name2],Table1[[#This Row],[Campaign_Name2]])) -> 5555.5556
A9: P008 | B9: YouTube | C9: 45486 | D9: Image | E9: Check out our latest image on youtube! | F9: 3929 | G9: 262 | H9: 278 | I9: 43219 | J9: 42841 | K9: 39 | L9: #ThirstyForMore | M9: DailyWellness | N9: =SUM(F9,G9,H9) -> 4469 | O9: =IFERROR((Table1[[#This Row],[Likes]]+Table1[[#This Row],[Shares]]+Table1[[#This Row],[Comments]])/Table1[[#This Row],[Impressions]], 0) -> 0.1034036 | P9: {=IFERROR(INDEX('Campaign Metadata (2)'!$A$2:$A$10, MATCH(1, (C9>='Campaign Metadata (2)'!$B$2:$B$10) * (C9<='Campaign Metadata (2)'!$C$2:$C$10), 0)), "No Campaign")} -> SummerSplash | Q9: =VLOOKUP(Table1[[#This Row],[Campaign_Name2]],Table3[#All],2,) -> 45458 | R9: =VLOOKUP(Table1[[#This Row],[Campaign_Name2]],Table3[#All],3,FALSE) -> 45488 | S9: =VLOOKUP(Table1[[#This Row],[Campaign_Name2]],Table3[],5,FALSE) -> 150000 | T9: =IF(Table1[[#This Row],[Campaign_Name2]]="No Campaign", 0, Table1[[#This Row],[Budget]]/COUNTIF(Table1[Campaign_Name2],Table1[[#This Row],[Campaign_Name2]])) -> 5555.5556
A10: P009 | B10: Facebook | C10: 45534 | D10: Text | E10: Check out our latest text on facebook! | F10: 3784 | G10: 808 | H10: 404 | I10: 56760 | J10: 56343 | K10: 131 | L10: #PepsiCoRefresh | M10: FestiveRadiance | N10: =SUM(F10,G10,H10) -> 4996 | O10: =IFERROR((Table1[[#This Row],[Likes]]+Table1[[#This Row],[Shares]]+Table1[[#This Row],[Comments]])/Table1[[#This Row],[Impressions]], 0) -> 0.088019732 | P10: {=IFERROR(INDEX('Campaign Metadata (2)'!$A$2:$A$10, MATCH(1, (C10>='Campaign Metadata (2)'!$B$2:$B$10) * (C10<='Campaign Metadata (2)'!$C$2:$C$10), 0)), "No Campaign")} -> No Campaign | Q10: =VLOOKUP(Table1[[#This Row],[Campaign_Name2]],Table3[#All],2,) -> #N/A | R10: =VLOOKUP(Table1[[#This Row],[Campaign_Name2]],Table3[#All],3,FALSE) -> #N/A | S10: =VLOOKUP(Table1[[#This Row],[Campaign_Name2]],Table3[],5,FALSE) -> #N/A | T10: =IF(Table1[[#This Row],[Campaign_Name2]]="No Campaign", 0, Table1[[#This Row],[Budget]]/COUNTIF(Table1[Campaign_Name2],Table1[[#This Row],[Campaign_Name2]])) -> 0
A11: P010 | B11: Facebook | C11: 45727 | D11: Image | E11: Check out our latest image on facebook! | F11: 4241 | G11: 902 | H11: 47 | I11: 72097 | J11: 71598 | K11: 167 | L11: #PepsiCoRefresh | M11: FestiveRadiance | N11: =SUM(F11,G11,H11) -> 5190 | O11: =IFERROR((Table1[[#This Row],[Likes]]+Table1[[#This Row],[Shares]]+Table1[[#This Row],[Comments]])/Table1[[#This Row],[Impressions]], 0) -> 0.071986352 | P11: {=IFERROR(INDEX('Campaign Metadata (2)'!$A$2:$A$10, MATCH(1, (C11>='Campaign Metadata (2)'!$B$2:$B$10) * (C11<='Campaign Metadata (2)'!$C$2:$C$10), 0)), "No Campaign")} -> DailyWellness | Q11: =VLOOKUP(Table1[[#This Row],[Campaign_Name2]],Table3[#All],2,) -> 45717 | R11: =VLOOKUP(Table1[[#This Row],[Campaign_Name2]],Table3[#All],3,FALSE) -> 45747 | S11: =VLOOKUP(Table1[[#This Row],[Campaign_Name2]],Table3[],5,FALSE) -> 180000 | T11: =IF(Table1[[#This Row],[Campaign_Name2]]="No Campaign", 0, Table1[[#This Row],[Budget]]/COUNTIF(Table1[Campaign_Name2],Table1[[#This Row],[Campaign_Name2]])) -> 5625
A12: P011 | B12: Instagram | C12: 45690 | D12: Story | E12: Check out our latest story on instagram! | F12: 1792 | G12: 614 | H12: 497 | I12: 25088 | J12: 24675 | K12: 65 | L12: #LiveForNow | M12: DailyWellness | N12: =SUM(F12,G12,H12) -> 2903 | O12: =IFERROR((Table1[[#This Row],[Likes]]+Table1[[#This Row],[Shares]]+Table1[[#This Row],[Comments]])/Table1[[#This Row],[Impressions]], 0) -> 0.11571269 | P12: {=IFERROR(INDEX('Campaign Metadata (2)'!$A$2:$A$10, MATCH(1, (C12>='Campaign Metadata (2)'!$B$2:$B$10) * (C12<='Campaign Metadata (2)'!$C$2:$C$10), 0)), "No Campaign")} -> No Campaign | Q12: =VLOOKUP(Table1[[#This Row],[Campaign_Name2]],Table3[#All],2,) -> #N/A | R12: =VLOOKUP(Table1[[#This Row],[Campaign_Name2]],Table3[#All],3,FALSE) -> #N/A | S12: =VLOOKUP(Table1[[#This Row],[Campaign_Name2]],Table3[],5,FALSE) -> #N/A | T12: =IF(Table1[[#This Row],[Campaign_Name2]]="No Campaign", 0, Table1[[#This Row],[Budget]]/COUNTIF(Table1[Campaign_Name2],Table1[[#This Row],[Campaign_Name2]])) -> 0
A13: P012 | B13: Facebook | C13: 45494 | D13: Reel | E13: Check out our latest reel on facebook! | F13: 1946 | G13: 686 | H13: 377 | I13: 23352 | J13: 22982 | K13: 213 | L13: #LiveForNow | M13: NewYearRefresh | N13: =SUM(F13,G13,H13) -> 3009 | O13: =IFERROR((Table1[[#This Row],[Likes]]+Table1[[#This Row],[Shares]]+Table1[[#This Row],[Comments]])/Table1[[#This Row],[Impressions]], 0) -> 0.12885406 | P13: {=IFERROR(INDEX('Campaign Metadata (2)'!$A$2:$A$10, MATCH(1, (C13>='Campaign Metadata (2)'!$B$2:$B$10) * (C13<='Campaign Metadata (2)'!$C$2:$C$10), 0)), "No Campaign")} -> No Campaign | Q13: =VLOOKUP(Table1[[#This Row],[Campaign_Name2]],Table3[#All],2,) -> #N/A | R13: =VLOOKUP(Table1[[#This Row],[Campaign_Name2]],Table3[#All],3,FALSE) -> #N/A | S13: =VLOOKUP(Table1[[#This Row],[Campaign_Name2]],Table3[],5,FALSE) -> #N/A | T13: =IF(Table1[[#This Row],[Campaign_Name2]]="No Campaign", 0, Table1[[#This Row],[Budget]]/COUNTIF(Table1[Campaign_Name2],Table1[[#This Row],[Campaign_Name2]])) -> 0
A14: P013 | B14: YouTube | C14: 45614 | D14: Carousel | E14: Check out our latest carousel on youtube! | F14: 1171 | G14: 286 | H14: 231 | I14: 22249 | J14: 21282 | K14: 114 | L14: #ThirstyForMore | M14: SummerSplash | N14: =SUM(F14,G14,H14) -> 1688 | O14: =IFERROR((Table1[[#This Row],[Likes]]+Table1[[#This Row],[Shares]]+Table1[[#This Row],[Comments]])/Table1[[#This Row],[Impressions]], 0) -> 0.075868578 | P14: {=IFERROR(INDEX('Campaign Metadata (2)'!$A$2:$A$10, MATCH(1, (C14>='Campaign Metadata (2)'!$B$2:$B$10) * (C14<='Campaign Metadata (2)'!$C$2:$C$10), 0)), "No Campaign")} -> No Campaign | Q14: =VLOOKUP(Table1[[#This Row],[Campaign_Name2]],Table3[#All],2,) -> #N/A | R14: =VLOOKUP(Table1[[#This Row],[Campaign_Name2]],Table3[#All],3,FALSE) -> #N/A | S14: =VLOOKUP(Table1[[#This Row],[Campaign_Name2]],Table3[],5,FALSE) -> #N/A | T14: =IF(Table1[[#This Row],[Campaign_Name2]]="No Campaign", 0, Table1[[#This Row],[Budget]]/COUNTIF(Table1[Campaign_Name2],Table1[[#This Row],[Campaign_Name2]])) -> 0
A15: P014 | B15: Facebook | C15: 45704 | D15: Story | E15: Check out our latest story on facebook! | F15: 4242 | G15: 555 | H15: 131 | I15: 33936 | J15: 33802 | K15: 265 | L15: #LiveForNow | N15: =SUM(F15,G15,H15) -> 4928 | O15: =IFERROR((Table1[[#This Row],[Likes]]+Table1[[#This Row],[Shares]]+Table1[[#This Row],[Comments]])/Table1[[#This Row],[Impressions]], 0) -> 0.14521452 | P15: {=IFERROR(INDEX('Campaign Metadata (2)'!$A$2:$A$10, MATCH(1, (C15>='Campaign Metadata (2)'!$B$2:$B$10) * (C15<='Campaign Metadata (2)'!$C$2:$C$10), 0)), "No Campaign")} -> No Campaign | Q15: =VLOOKUP(Table1[[#This Row],[Campaign_Name2]],Table3[#All],2,) -> #N/A | R15: =VLOOKUP(Table1[[#This Row],[Campaign_Name2]],Table3[#All],3,FALSE) -> #N/A | S15: =VLOOKUP(Table1[[#This Row],[Campaign_Name2]],Table3[],5,FALSE) -> #N/A | T15: =IF(Table1[[#This Row],[Campaign_Name2]]="No Campaign", 0, Table1[[#This Row],[Budget]]/COUNTIF(Table1[Campaign_Name2],Table1[[#This Row],[Campaign_Name2]])) -> 0
A16: P015 | B16: Facebook | C16: 45589 | D16: Video | E16: Check out our latest video on facebook! | F16: 3888 | G16: 604 | H16: 128 | I16: 77760 | J16: 77167 | K16: 20 | L16: #LiveForNow | M16: SummerSplash | N16: =SUM(F16,G16,H16) -> 4620 | O16: =IFERROR((Table1[[#This Row],[Likes]]+Table1[[#This Row],[Shares]]+Table1[[#This Row],[Comments]])/Table1[[#This Row],[Impressions]], 0) -> 0.05941358 | P16: {=IFERROR(INDEX('Campaign Metadata (2)'!$A$2:$A$10, MATCH(1, (C16>='Campaign Metadata (2)'!$B$2:$B$10) * (C16<='Campaign Metadata (2)'!$C$2:$C$10), 0)), "No Campaign")} -> FestiveRadiance | Q16: =VLOOKUP(Table1[[#This Row],[Campaign_Name2]],Table3[#All],2,) -> 45566 | R16: =VLOOKUP(Table1[[#This Row],[Campaign_Name2]],Table3[#All],3,FALSE) -> 45596 | S16: =VLOOKUP(Table1[[#This Row],[Campaign_Name2]],Table3[],5,FALSE) -> 200000 | T16: =IF(Table1[[#This Row],[Campaign_Name2]]="No Campaign", 0, Table1[[#This Row],[Budget]]/COUNTIF(Table1[Campaign_Name2],Table1[[#This Row],[Campaign_Name2]])) -> 5714.2857
A17: P016 | B17: Facebook | C17: 45530 | D17: Text | E17: Check out our latest text on facebook! | F17: 3452 | G17: 377 | H17: 360 | I17: 55232 | J17: 55075 | K17: 87 | L17: #LiveForNow | M17: NewYearRefresh | N17: =SUM(F17,G17,H17) -> 4189 | O17: =IFERROR((Table1[[#This Row],[Likes]]+Table1[[#This Row],[Shares]]+Table1[[#This Row],[Comments]])/Table1[[#This Row],[Impressions]], 0) -> 0.075843714 | P17: {=IFERROR(INDEX('Campaign Metadata (2)'!$A$2:$A$10, MATCH(1, (C17>='Campaign Metadata (2)'!$B$2:$B$10) * (C17<='Campaign Metadata (2)'!$C$2:$C$10), 0)), "No Campaign")} -> No Campaign | Q17: =VLOOKUP(Table1[[#This Row],[Campaign_Name2]],Table3[#All],2,) -> #N/A | R17: =VLOOKUP(Table1[[#This Row],[Campaign_Name2]],Table3[#All],3,FALSE) -> #N/A | S17: =VLOOKUP(Table1[[#This Row],[Campaign_Name2]],Table3[],5,FALSE) -> #N/A | T17: =IF(Table1[[#This Row],[Campaign_Name2]]="No Campaign", 0, Table1[[#This Row],[Budget]]/COUNTIF(Table1[Campaign_Name2],Table1[[#This Row],[Campaign_Name2]])) -> 0
A18: P017 | B18: Facebook | C18: 45782 | D18: Text | E18: Check out our latest text on facebook! | F18: 4441 | G18: 511 | H18: 70 | I18: 53292 | J18: 53082 | K18: 159 | L18: #ThirstyForMore | M18: DailyWellness | N18: =SUM(F18,G18,H18) -> 5022 | O18: =IFERROR((Table1[[#This Row],[Likes]]+Table1[[#This Row],[Shares]]+Table1[[#This Row],[Comments]])/Table1[[#This Row],[Impressions]], 0) -> 0.094235533 | P18: {=IFERROR(INDEX('Campaign Metadata (2)'!$A$2:$A$10, MATCH(1, (C18>='Campaign Metadata (2)'!$B$2:$B$10) * (C18<='Campaign Metadata (2)'!$C$2:$C$10), 0)), "No Campaign")} -> No Campaign | Q18: =VLOOKUP(Table1[[#This Row],[Campaign_Name2]],Table3[#All],2,) -> #N/A | R18: =VLOOKUP(Table1[[#This Row],[Campaign_Name2]],Table3[#All],3,FALSE) -> #N/A | S18: =VLOOKUP(Table1[[#This Row],[Campaign_Name2]],Table3[],5,FALSE) -> #N/A | T18: =IF(Table1[[#This Row],[Campaign_Name2]]="No Campaign", 0, Table1[[#This Row],[Budget]]/COUNTIF(Table1[Campaign_Name2],Table1[[#This Row],[Campaign_Name2]])) -> 0
A19: P018 | B19: Instagram | C19: 45523 | D19: Reel | E19: Check out our latest reel on instagram! | F19: 3000 | G19: 382 | H19: 325 | I19: 36000 | J19: 35819 | K19: 19 | L19: #LiveForNow | M19: SummerSplash | N19: =SUM(F19,G19,H19) -> 3707 | O19: =IFERROR((Table1[[#This Row],[Likes]]+Table1[[#This Row],[Shares]]+Table1[[#This Row],[Comments]])/Table1[[#This Row],[Impressions]], 0) -> 0.10297222 | P19: {=IFERROR(INDEX('Campaign Metadata (2)'!$A$2:$A$10, MATCH(1, (C19>='Campaign Metadata (2)'!$B$2:$B$10) * (C19<='Campaign Metadata (2)'!$C$2:$C$10), 0)), "No Campaign")} -> No Campaign | Q19: =VLOOKUP(Table1[[#This Row],[Campaign_Name2]],Table3[#All],2,) -> #N/A | R19: =VLOOKUP(Table1[[#This Row],[Campaign_Name2]],Table3[#All],3,FALSE) -> #N/A | S19: =VLOOKUP(Table1[[#This Row],[Campaign_Name2]],Table3[],5,FALSE) -> #N/A | T19: =IF(Table1[[#This Row],[Campaign_Name2]]="No Campaign", 0, Table1[[#This Row],[Budget]]/COUNTIF(Table1[Campaign_Name2],Table1[[#This Row],[Campaign_Name2]])) -> 0
A20: P019 | B20: Instagram | C20: 45466 | D20: Video | E20: Check out our latest video on instagram! | F20: 1071 | G20: 519 | H20: 22 | I20: 16065 | J20: 15865 | K20: 103 | L20: #PepsiCoRefresh | M20: DailyWellness | N20: =SUM(F20,G20,H20) -> 1612 | O20: =IFERROR((Table1[[#This Row],[Likes]]+Table1[[#This Row],[Shares]]+Table1[[#This Row],[Comments]])/Table1[[#This Row],[Impressions]], 0) -> 0.10034236 | P20: {=IFERROR(INDEX('Campaign Metadata (2)'!$A$2:$A$10, MATCH(1, (C20>='Campaign Metadata (2)'!$B$2:$B$10) * (C20<='Campaign Metadata (2)'!$C$2:$C$10), 0)), "No Campaign")} -> SummerSplash | Q20: =VLOOKUP(Table1[[#This Row],[Campaign_Name2]],Table3[#All],2,) -> 45458 | R20: =VLOOKUP(Table1[[#This Row],[Campaign_Name2]],Table3[#All],3,FALSE) -> 45488 | S20: =VLOOKUP(Table1[[#This Row],[Campaign_Name2]],Table3[],5,FALSE) -> 150000 | T20: =IF(Table1[[#This Row],[Campaign_Name2]]="No Campaign", 0, Table1[[#This Row],[Budget]]/COUNTIF(Table1[Campaign_Name2],Table1[[#This Row],[Campaign_Name2]])) -> 5555.5556
A21: P020 | B21: Instagram | C21: 45544 | D21: Carousel | E21: Check out our latest carousel on instagram! | F21: 4054 | G21: 488 | H21: 373 | I21: 77026 | J21: 76881 | K21: 25 | L21: #PepsiCoRefresh | M21: SummerSplash | N21: =SUM(F21,G21,H21) -> 4915 | O21: =IFERROR((Table1[[#This Row],[Likes]]+Table1[[#This Row],[Shares]]+Table1[[#This Row],[Comments]])/Table1[[#This Row],[Impressions]], 0) -> 0.063809623 | P21: {=IFERROR(INDEX('Campaign Metadata (2)'!$A$2:$A$10, MATCH(1, (C21>='Campaign Metadata (2)'!$B$2:$B$10) * (C21<='Campaign Metadata (2)'!$C$2:$C$10), 0)), "No Campaign")} -> No Campaign | Q21: =VLOOKUP(Table1[[#This Row],[Campaign_Name2]],Table3[#All],2,) -> #N/A | R21: =VLOOKUP(Table1[[#This Row],[Campaign_Name2]],Table3[#All],3,FALSE) -> #N/A | S21: =VLOOKUP(Table1[[#This Row],[Campaign_Name2]],Table3[],5,FALSE) -> #N/A | T21: =IF(Table1[[#This Row],[Campaign_Name2]]="No Campaign", 0, Table1[[#This Row],[Budget]]/COUNTIF(Table1[Campaign_Name2],Table1[[#This Row],[Campaign_Name2]])) -> 0
A22: P021 | B22: Instagram | C22: 45661 | D22: Reel | E22: Check out our latest reel on instagram! | F22: 4838 | G22: 640 | H22: 128 | I22: 72570 | J22: 72396 | K22: 83 | L22: #LiveForNow | M22: DailyWellness | N22: =SUM(F22,G22,H22) -> 5606 | O22: =IFERROR((Table1[[#This Row],[Likes]]+Table1[[#This Row],[Shares]]+Table1[[#This Row],[Comments]])/Table1[[#This Row],[Impressions]], 0) -> 0.077249552 | P22: {=IFERROR(INDEX('Campaign Metadata (2)'!$A$2:$A$10, MATCH(1, (C22>='Campaign Metadata (2)'!$B$2:$B$10) * (C22<='Campaign Metadata (2)'!$C$2:$C$10), 0)), "No Campaign")} -> NewYearRefresh | Q22: =VLOOKUP(Table1[[#This Row],[Campaign_Name2]],Table3[#All],2,) -> 45651 | R22: =VLOOKUP(Table1[[#This Row],[Campaign_Name2]],Table3[#All],3,FALSE) -> 45667 | S22: =VLOOKUP(Table1[[#This Row],[Campaign_Name2]],Table3[],5,FALSE) -> 250000 | T22: =IF(Table1[[#This Row],[Campaign_Name2]]="No Campaign", 0, Table1[[#This Row],[Budget]]/COUNTIF(Table1[Campaign_Name2],Table1[[#This Row],[Campaign_Name2]])) -> 25000
A23: P022 | B23: Facebook | C23: 45715 | D23: Text | E23: Check out our latest text on facebook! | F23: 1570 | G23: 187 | H23: 260 | I23: 25120 | J23: 24613 | K23: 133 | L23: #PepsiCoRefresh | M23: DailyWellness | N23: =SUM(F23,G23,H23) -> 2017 | O23: =IFERROR((Table1[[#This Row],[Likes]]+Table1[[#This Row],[Shares]]+Table1[[#This Row],[Comments]])/Table1[[#This Row],[Impressions]], 0) -> 0.080294586 | P23: {=IFERROR(INDEX('Campaign Metadata (2)'!$A$2:$A$10, MATCH(1, (C23>='Campaign Metadata (2)'!$B$2:$B$10) * (C23<='Campaign Metadata (2)'!$C$2:$C$10), 0)), "No Campaign")} -> No Campaign | Q23: =VLOOKUP(Table1[[#This Row],[Campaign_Name2]],Table3[#All],2,) -> #N/A | R23: =VLOOKUP(Table1[[#This Row],[Campaign_Name2]],Table3[#All],3,FALSE) -> #N/A | S23: =VLOOKUP(Table1[[#This Row],[Campaign_Name2]],Table3[],5,FALSE) -> #N/A | T23: =IF(Table1[[#This Row],[Campaign_Name2]]="No Campaign", 0, Table1[[#This Row],[Budget]]/COUNTIF(Table1[Campaign_Name2],Table1[[#This Row],[Campaign_Name2]])) -> 0
A24: P023 | B24: Facebook | C24: 45602 | D24: Video | E24: Check out our latest video on facebook! | F24: 1606 | G24: 547 | H24: 316 | I24: 32120 | J24: 31736 | K24: 225 | L24: #PepsiCoRefresh,#AnytimeIsPepsiTime | M24: FestiveRadiance | N24: =SUM(F24,G24,H24) -> 2469 | O24: =IFERROR((Table1[[#This Row],[Likes]]+Table1[[#This Row],[Shares]]+Table1[[#This Row],[Comments]])/Table1[[#This Row],[Impressions]], 0) -> 0.076867995 | P24: {=IFERROR(INDEX('Campaign Metadata (2)'!$A$2:$A$10, MATCH(1, (C24>='Campaign Metadata (2)'!$B$2:$B$10) * (C24<='Campaign Metadata (2)'!$C$2:$C$10), 0)), "No Campaign")} -> No Campaign | Q24: =VLOOKUP(Table1[[#This Row],[Campaign_Name2]],Table3[#All],2,) -> #N/A | R24: =VLOOKUP(Table1[[#This Row],[Campaign_Name2]],Table3[#All],3,FALSE) -> #N/A | S24: =VLOOKUP(Table1[[#This Row],[Campaign_Name2]],Table3[],5,FALSE) -> #N/A | T24: =IF(Table1[[#This Row],[Campaign_Name2]]="No Campaign", 0, Table1[[#This Row],[Budget]]/COUNTIF(Table1[Campaign_Name2],Table1[[#This Row],[Campaign_Name2]])) -> 0
A25: P024 | B25: Facebook | C25: 45680 | D25: Video | E25: Check out our latest video on facebook! | F25: 3961 | G25: 761 | H25: 131 | I25: 67337 | J25: 66615 | K25: 161 | L25: #LiveForNow | M25: NewYearRefresh | N25: =SUM(F25,G25,H25) -> 4853 | O25: =IFERROR((Table1[[#This Row],[Likes]]+Table1[[#This Row],[Shares]]+Table1[[#This Row],[Comments]])/Table1[[#This Row],[Impressions]], 0) -> 0.072070333 | P25: {=IFERROR(INDEX('Campaign Metadata (2)'!$A$2:$A$10, MATCH(1, (C25>='Campaign Metadata (2)'!$B$2:$B$10) * (C25<='Campaign Metadata (2)'!$C$2:$C$10), 0)), "No Campaign")} -> No Campaign | Q25: =VLOOKUP(Table1[[#This Row],[Campaign_Name2]],Table3[#All],2,) -> #N/A | R25: =VLOOKUP(Table1[[#This Row],[Campaign_Name2]],Table3[#All],3,FALSE) -> #N/A | S25: =VLOOKUP(Table1[[#This Row],[Campaign_Name2]],Table3[],5,FALSE) -> #N/A | T25: =IF(Table1[[#This Row],[Campaign_Name2]]="No Campaign", 0, Table1[[#This Row],[Budget]]/COUNTIF(Table1[Campaign_Name2],Table1[[#This Row],[Campaign_Name2]])) -> 0
A26: P025 | B26: Twitter | C26: 45757 | D26: Carousel | E26: Check out our latest carousel on twitter! | F26: 3128 | G26: 211 | H26: 197 | I26: 59432 | J26: 59182 | K26: 238 | L26: #ThirstyForMore | N26: =SUM(F26,G26,H26) -> 3536 | O26: =IFERROR((Table1[[#This Row],[Likes]]+Table1[[#This Row],[Shares]]+Table1[[#This Row],[Comments]])/Table1[[#This Row],[Impressions]], 0) -> 0.059496568 | P26: {=IFERROR(INDEX('Campaign Metadata (2)'!$A$2:$A$10, MATCH(1, (C26>='Campaign Metadata (2)'!$B$2:$B$10) * (C26<='Campaign Metadata (2)'!$C$2:$C$10), 0)), "No Campaign")} -> No Campaign | Q26: =VLOOKUP(Table1[[#This Row],[Campaign_Name2]],Table3[#All],2,) -> #N/A | R26: =VLOOKUP(Table1[[#This Row],[Campaign_Name2]],Table3[#All],3,FALSE) -> #N/A | S26: =VLOOKUP(Table1[[#This Row],[Campaign_Name2]],Table3[],5,FALSE) -> #N/A | T26: =IF(Table1[[#This Row],[Campaign_Name2]]="No Campaign", 0, Table1[[#This Row],[Budget]]/COUNTIF(Table1[Campaign_Name2],Table1[[#This Row],[Campaign_Name2]])) -> 0
A27: P026 | B27: YouTube | C27: 45752 | D27: Reel | E27: Check out our latest reel on youtube! | F27: 3009 | G27: 413 | H27: 358 | I27: 42126 | J27: 41309 | K27: 211 | L27: #LiveForNow | M27: FestiveRadiance | N27: =SUM(F27,G27,H27) -> 3780 | O27: =IFERROR((Table1[[#This Row],[Likes]]+Table1[[#This Row],[Shares]]+Table1[[#This Row],[Comments]])/Table1[[#This Row],[Impressions]], 0) -> 0.089730808 | P27: {=IFERROR(INDEX('Campaign Metadata (2)'!$A$2:$A$10, MATCH(1, (C27>='Campaign Metadata (2)'!$B$2:$B$10) * (C27<='Campaign Metadata (2)'!$C$2:$C$10), 0)), "No Campaign")} -> No Campaign | Q27: =VLOOKUP(Table1[[#This Row],[Campaign_Name2]],Table3[#All],2,) -> #N/A | R27: =VLOOKUP(Table1[[#This Row],[Campaign_Name2]],Table3[#All],3,FALSE) -> #N/A | S27: =VLOOKUP(Table1[[#This Row],[Campaign_Name2]],Table3[],5,FALSE) -> #N/A | T27: =IF(Table1[[#This Row],[Campaign_Name2]]="No Campaign", 0, Table1[[#This Row],[Budget]]/COUNTIF(Table1[Campaign_Name2],Table1[[#This Row],[Campaign_Name2]])) -> 0
A28: P027 | B28: YouTube | C28: 45552 | D28: Text | E28: Check out our latest text on youtube! | F28: 2076 | G28: 195 | H28: 104 | I28: 33216 | J28: 32244 | K28: 51 | L28: #LiveForNow | M28: DailyWellness | N28: =SUM(F28,G28,H28) -> 2375 | O28: =IFERROR((Table1[[#This Row],[Likes]]+Table1[[#This Row],[Shares]]+Table1[[#This Row],[Comments]])/Table1[[#This Row],[Impressions]], 0) -> 0.071501686 | P28: {=IFERROR(INDEX('Campaign Metadata (2)'!$A$2:$A$10, MATCH(1, (C28>='Campaign Metadata (2)'!$B$2:$B$10) * (C28<='Campaign Metadata (2)'!$C$2:$C$10), 0)), "No Campaign")} -> No Campaign | Q28: =VLOOKUP(Table1[[#This Row],[Campaign_Name2]],Table3[#All],2,) -> #N/A | R28: =VLOOKUP(Table1[[#This Row],[Campaign_Name2]],Table3[#All],3,FALSE) -> #N/A | S28: =VLOOKUP(Table1[[#This Row],[Campaign_Name2]],Table3[],5,FALSE) -> #N/A | T28: =IF(Table1[[#This Row],[Campaign_Name2]]="No Campaign", 0, Table1[[#This Row],[Budget]]/COUNTIF(Table1[Campaign_Name2],Table1[[#This Row],[Campaign_Name2]])) -> 0
A29: P028 | B29: Instagram | C29: 45720 | D29: Video | E29: Check out our latest video on instagram! | F29: 432 | G29: 624 | H29: 123 | I29: 6912 | J29: 6259 | K29: 79 | L29: #LiveForNow | M29: DailyWellness | N29: =SUM(F29,G29,H29) -> 1179 | O29: =IFERROR((Table1[[#This Row],[Likes]]+Table1[[#This Row],[Shares]]+Table1[[#This Row],[Comments]])/Table1[[#This Row],[Impressions]], 0) -> 0.17057292 | P29: {=IFERROR(INDEX('Campaign Metadata (2)'!$A$2:$A$10, MATCH(1, (C29>='Campaign Metadata (2)'!$B$2:$B$10) * (C29<='Campaign Metadata (2)'!$C$2:$C$10), 0)), "No Campaign")} -> DailyWellness | Q29: =VLOOKUP(Table1[[#This Row],[Campaign_Name2]],Table3[#All],2,) -> 45717 | R29: =VLOOKUP(Table1[[#This Row],[Campaign_Name2]],Table3[#All],3,FALSE) -> 45747 | S29: =VLOOKUP(Table1[[#This Row],[Campaign_Name2]],Table3[],5,FALSE) -> 180000 | T29: =IF(Table1[[#This Row],[Campaign_Name2]]="No Campaign", 0, Table1[[#This Row],[Budget]]/COUNTIF(Table1[Campaign_Name2],Table1[[#This Row],[Campaign_Name2]])) -> 5625
A30: P029 | B30: Instagram | C30: 45688 | D30: Carousel | E30: Check out our latest carousel on instagram! | F30: 2566 | G30: 118 | H30: 37 | I30: 12830 | J30: 12264 | K30: 221 | L30: #LiveForNow | M30: NewYearRefresh | N30: =SUM(F30,G30,H30) -> 2721 | O30: =IFERROR((Table1[[#This Row],[Likes]]+Table1[[#This Row],[Shares]]+Table1[[#This Row],[Comments]])/Table1[[#This Row],[Impressions]], 0) -> 0.21208106 | P30: {=IFERROR(INDEX('Campaign Metadata (2)'!$A$2:$A$10, MATCH(1, (C30>='Campaign Metadata (2)'!$B$2:$B$10) * (C30<='Campaign Metadata (2)'!$C$2:$C$10), 0)), "No Campaign")} -> No Campaign | Q30: =VLOOKUP(Table1[[#This Row],[Campaign_Name2]],Table3[#All],2,) -> #N/A | R30: =VLOOKUP(Table1[[#This Row],[Campaign_Name2]],Table3[#All],3,FALSE) -> #N/A | S30: =VLOOKUP(Table1[[#This Row],[Campaign_Name2]],Table3[],5,FALSE) -> #N/A | T30: =IF(Table1[[#This Row],[Campaign_Name2]]="No Campaign", 0, Table1[[#This Row],[Budget]]/COUNTIF(Table1[Campaign_Name2],Table1[[#This Row],[Campaign_Name2]])) -> 0
A31: P030 | B31: Instagram | C31: 45713 | D31: Video | E31: Check out our latest video on instagram! | F31: 3095 | G31: 39 | H31: 78 | I31: 55710 | J31: 54808 | K31: 93 | L31: #ThirstyForMore | N31: =SUM(F31,G31,H31) -> 3212 | O31: =IFERROR((Table1[[#This Row],[Likes]]+Table1[[#This Row],[Shares]]+Table1[[#This Row],[Comments]])/Table1[[#This Row],[Impressions]], 0) -> 0.057655717 | P31: {=IFERROR(INDEX('Campaign Metadata (2)'!$A$2:$A$10, MATCH(1, (C31>='Campaign Metadata (2)'!$B$2:$B$10) * (C31<='Campaign Metadata (2)'!$C$2:$C$10), 0)), "No Campaign")} -> No Campaign | Q31: =VLOOKUP(Table1[[#This Row],[Campaign_Name2]],Table3[#All],2,) -> #N/A | R31: =VLOOKUP(Table1[[#This Row],[Campaign_Name2]],Table3[#All],3,FALSE) -> #N/A | S31: =VLOOKUP(Table1[[#This Row],[Campaign_Name2]],Table3[],5,FALSE) -> #N/A | T31: =IF(Table1[[#This Row],[Campaign_Name2]]="No Campaign", 0, Table1[[#This Row],[Budget]]/COUNTIF(Table1[Campaign_Name2],Table1[[#This Row],[Campaign_Name2]])) -> 0
A32: P031 | B32: Instagram | C32: 45642 | D32: Text | E32: Check out our latest text on instagram! | F32: 438 | G32: 153 | H32: 275 | I32: 3066 | J32: 2701 | K32: 282 | L32: #PepsiCoRefresh | M32: FestiveRadiance | N32: =SUM(F32,G32,H32) -> 866 | O32: =IFERROR((Table1[[#This Row],[Likes]]+Table1[[#This Row],[Shares]]+Table1[[#This Row],[Comments]])/Table1[[#This Row],[Impressions]], 0) -> 0.28245271 | P32: {=IFERROR(INDEX('Campaign Metadata (2)'!$A$2:$A$10, MATCH(1, (C32>='Campaign Metadata (2)'!$B$2:$B$10) * (C32<='Campaign Metadata (2)'!$C$2:$C$10), 0)), "No Campaign")} -> No Campaign | Q32: =VLOOKUP(Table1[[#This Row],[Campaign_Name2]],Table3[#All],2,) -> #N/A | R32: =VLOOKUP(Table1[[#This Row],[Campaign_Name2]],Table3[#All],3,FALSE) -> #N/A | S32: =VLOOKUP(Table1[[#This Row],[Campaign_Name2]],Table3[],5,FALSE) -> #N/A | T32: =IF(Table1[[#This Row],[Campaign_Name2]]="No Campaign", 0, Table1[[#This Row],[Budget]]/COUNTIF(Table1[Campaign_Name2],Table1[[#This Row],[Campaign_Name2]])) -> 0
A33: P032 | B33: Twitter | C33: 45504 | D33: Carousel | E33: Check out our latest carousel on twitter! | F33: 2278 | G33: 10 | H33: 321 | I33: 13668 | J33: 12676 | K33: 275 | L33: #ThirstyForMore | M33: SummerSplash | N33: =SUM(F33,G33,H33) -> 2609 | O33: =IFERROR((Table1[[#This Row],[Likes]]+Table1[[#This Row],[Shares]]+Table1[[#This Row],[Comments]])/Table1[[#This Row],[Impressions]], 0) -> 0.19088382 | P33: {=IFERROR(INDEX('Campaign Metadata (2)'!$A$2:$A$10, MATCH(1, (C33>='Campaign Metadata (2)'!$B$2:$B$10) * (C33<='Campaign Metadata (2)'!$C$2:$C$10), 0)), "No Campaign")} -> No Campaign | Q33: =VLOOKUP(Table1[[#This Row],[Campaign_Name2]],Table3[#All],2,) -> #N/A | R33: =VLOOKUP(Table1[[#This Row],[Campaign_Name2]],Table3[#All],3,FALSE) -> #N/A | S33: =VLOOKUP(Table1[[#This Row],[Campaign_Name2]],Table3[],5,FALSE) -> #N/A | T33: =IF(Table1[[#This Row],[Campaign_Name2]]="No Campaign", 0, Table1[[#This Row],[Budget]]/COUNTIF(Table1[Campaign_Name2],Table1[[#This Row],[Campaign_Name2]])) -> 0
A34: P033 | B34: Facebook | C34: 45525 | D34: Image | E34: Check out our latest image on facebook! | F34: 1407 | G34: 400 | H34: 351 | I34: 16884 | J34: 15954 | K34: 113 | L34: #PepsiCoRefresh | M34: SummerSplash | N34: =SUM(F34,G34,H34) -> 2158 | O34: =IFERROR((Table1[[#This Row],[Likes]]+Table1[[#This Row],[Shares]]+Table1[[#This Row],[Comments]])/Table1[[#This Row],[Impressions]], 0) -> 0.12781331 | P34: {=IFERROR(INDEX('Campaign Metadata (2)'!$A$2:$A$10, MATCH(1, (C34>='Campaign Metadata (2)'!$B$2:$B$10) * (C34<='Campaign Metadata (2)'!$C$2:$C$10), 0)), "No Campaign")} -> No Campaign | Q34: =VLOOKUP(Table1[[#This Row],[Campaign_Name2]],Table3[#All],2,) -> #N/A | R34: =VLOOKUP(Table1[[#This Row],[Campaign_Name2]],Table3[#All],3,FALSE) -> #N/A | S34: =VLOOKUP(Table1[[#This Row],[Campaign_Name2]],Table3[],5,FALSE) -> #N/A | T34: =IF(Table1[[#This Row],[Campaign_Name2]]="No Campaign", 0, Table1[[#This Row],[Budget]]/COUNTIF(Table1[Campaign_Name2],Table1[[#This Row],[Campaign_Name2]])) -> 0
A35: P034 | B35: Facebook | C35: 45742 | D35: Text | E35: Check out our latest text on facebook! | F35: 1652 | G35: 89 | H35: 357 | I35: 29736 | J35: 28771 | K35: 215 | L35: #PepsiCoRefresh | M35: NewYearRefresh | N35: =SUM(F35,G35,H35) -> 2098 | O35: =IFERROR((Table1[[#This Row],[Likes]]+Table1[[#This Row],[Shares]]+Table1[[#This Row],[Comments]])/Table1[[#This Row],[Impressions]], 0) -> 0.07055421 | P35: {=IFERROR(INDEX('Campaign Metadata (2)'!$A$2:$A$10, MATCH(1, (C35>='Campaign Metadata (2)'!$B$2:$B$10) * (C35<='Campaign Metadata (2)'!$C$2:$C$10), 0)), "No Campaign")} -> DailyWellness | Q35: =VLOOKUP(Table1[[#This Row],[Campaign_Name2]],Table3[#All],2,) -> 45717 | R35: =VLOOKUP(Table1[[#This Row],[Campaign_Name2]],Table3[#All],3,FALSE) -> 45747 | S35: =VLOOKUP(Table1[[#This Row],[Campaign_Name2]],Table3[],5,FALSE) -> 180000 | T35: =IF(Table1[[#This Row],[Campaign_Name2]]="No Campaign", 0, Table1[[#This Row],[Budget]]/COUNTIF(Table1[Campaign_Name2],Table1[[#This Row],[Campaign_Name2]])) -> 5625
A36: P035 | B36: Instagram | C36: 45626 | D36: Video | E36: Check out our latest video on instagram! | F36: 3775 | G36: 16 | H36: 239 | I36: 33975 | J36: 33310 | K36: 271 | L36: #LiveForNow | M36: FestiveRadiance | N36: =SUM(F36,G36,H36) -> 4030 | O36: =IFERROR((Table1[[#This Row],[Likes]]+Table1[[#This Row],[Shares]]+Table1[[#This Row],[Comments]])/Table1[[#This Row],[Impressions]], 0) -> 0.11861663 | P36: {=IFERROR(INDEX('Campaign Metadata (2)'!$A$2:$A$10, MATCH(1, (C36>='Campaign Metadata (2)'!$B$2:$B$10) * (C36<='Campaign Metadata (2)'!$C$2:$C$10), 0)), "No Campaign")} -> No Campaign | Q36: =VLOOKUP(Table1[[#This Row],[Campaign_Name2]],Table3[#All],2,) -> #N/A | R36: =VLOOKUP(Table1[[#This Row],[Campaign_Name2]],Table3[#All],3,FALSE) -> #N/A | S36: =VLOOKUP(Table1[[#This Row],[Campaign_Name2]],Table3[],5,FALSE) -> #N/A | T36: =IF(Table1[[#This Row],[Campaign_Name2]]="No Campaign", 0, Table1[[#This Row],[Budget]]/COUNTIF(Table1[Campaign_Name2],Table1[[#This Row],[Campaign_Name2]])) -> 0
A37: P036 | B37: Instagram | C37: 45766 | D37: Story | E37: Check out our latest story on instagram! | F37: 4518 | G37: 285 | H37: 383 | I37: 67770 | J37: 67621 | K37: 31 | L37: #ThirstyForMore | M37: FestiveRadiance | N37: =SUM(F37,G37,H37) -> 5186 | O37: =IFERROR((Table1[[#This Row],[Likes]]+Table1[[#This Row],[Shares]]+Table1[[#This Row],[Comments]])/Table1[[#This Row],[Impressions]], 0) -> 0.076523535 | P37: {=IFERROR(INDEX('Campaign Metadata (2)'!$A$2:$A$10, MATCH(1, (C37>='Campaign Metadata (2)'!$B$2:$B$10) * (C37<='Campaign Metadata (2)'!$C$2:$C$10), 0)), "No Campaign")} -> No Campaign | Q37: =VLOOKUP(Table1[[#This Row],[Campaign_Name2]],Table3[#All],2,) -> #N/A | R37: =VLOOKUP(Table1[[#This Row],[Campaign_Name2]],Table3[#All],3,FALSE) -> #N/A | S37: =VLOOKUP(Table1[[#This Row],[Campaign_Name2]],Table3[],5,FALSE) -> #N/A | T37: =IF(Table1[[#This Row],[Campaign_Name2]]="No Campaign", 0, Table1[[#This Row],[Budget]]/COUNTIF(Table1[Campaign_Name2],Table1[[#This Row],[Campaign_Name2]])) -> 0
A38: P037 | B38: Facebook | C38: 45663 | D38: Carousel | E38: Check out our latest carousel on facebook! | F38: 3024 | G38: 925 | H38: 350 | I38: 24192 | J38: 23518 | K38: 36 | L38: #ThirstyForMore | M38: FestiveRadiance | N38: =SUM(F38,G38,H38) -> 4299 | O38: =IFERROR((Table1[[#This Row],[Likes]]+Table1[[#This Row],[Shares]]+Table1[[#This Row],[Comments]])/Table1[[#This Row],[Impressions]], 0) -> 0.17770337 | P38: {=IFERROR(INDEX('Campaign Metadata (2)'!$A$2:$A$10, MATCH(1, (C38>='Campaign Metadata (2)'!$B$2:$B$10) * (C38<='Campaign Metadata (2)'!$C$2:$C$10), 0)), "No Campaign")} -> NewYearRefresh | Q38: =VLOOKUP(Table1[[#This Row],[Campaign_Name2]],Table3[#All],2,) -> 45651 | R38: =VLOOKUP(Table1[[#This Row],[Campaign_Name2]],Table3[#All],3,FALSE) -> 45667 | S38: =VLOOKUP(Table1[[#This Row],[Campaign_Name2]],Table3[],5,FALSE) -> 250000 | T38: =IF(Table1[[#This Row],[Campaign_Name2]]="No Campaign", 0, Table1[[#This Row],[Budget]]/COUNTIF(Table1[Campaign_Name2],Table1[[#This Row],[Campaign_Name2]])) -> 25000
A39: P038 | B39: YouTube | C39: 45705 | D39: Reel | E39: Check out our latest reel on youtube! | F39: 3138 | G39: 123 | H39: 291 | I39: 28242 | J39: 27550 | K39: 87 | L39: #PepsiCoRefresh | M39: DailyWellness | N39: =SUM(F39,G39,H39) -> 3552 | O39: =IFERROR((Table1[[#This Row],[Likes]]+Table1[[#This Row],[Shares]]+Table1[[#This Row],[Comments]])/Table1[[#This Row],[Impressions]], 0) -> 0.12577013 | P39: {=IFERROR(INDEX('Campaign Metadata (2)'!$A$2:$A$10, MATCH(1, (C39>='Campaign Metadata (2)'!$B$2:$B$10) * (C39<='Campaign Metadata (2)'!$C$2:$C$10), 0)), "No Campaign")} -> No Campaign | Q39: =VLOOKUP(Table1[[#This Row],[Campaign_Name2]],Table3[#All],2,) -> #N/A | R39: =VLOOKUP(Table1[[#This Row],[Campaign_Name2]],Table3[#All],3,FALSE) -> #N/A | S39: =VLOOKUP(Table1[[#This Row],[Campaign_Name2]],Table3[],5,FALSE) -> #N/A | T39: =IF(Table1[[#This Row],[Campaign_Name2]]="No Campaign", 0, Table1[[#This Row],[Budget]]/COUNTIF(Table1[Campaign_Name2],Table1[[#This Row],[Campaign_Name2]])) -> 0
A40: P039 | B40: Facebook | C40: 45621 | D40: Image | E40: Check out our latest image on facebook! | F40: 3564 | G40: 629 | H40: 177 | I40: 60588 | J40: 59627 | K40: 92 | L40: #PepsiCoRefresh | N40: =SUM(F40,G40,H40) -> 4370 | O40: =IFERROR((Table1[[#This Row],[Likes]]+Table1[[#This Row],[Shares]]+Table1[[#This Row],[Comments]])/Table1[[#This Row],[Impressions]], 0) -> 0.072126494 | P40: {=IFERROR(INDEX('Campaign Metadata (2)'!$A$2:$A$10, MATCH(1, (C40>='Campaign Metadata (2)'!$B$2:$B$10) * (C40<='Campaign Metadata (2)'!$C$2:$C$10), 0)), "No Campaign")} -> No Campaign | Q40: =VLOOKUP(Table1[[#This Row],[Campaign_Name2]],Table3[#All],2,) -> #N/A | R40: =VLOOKUP(Table1[[#This Row],[Campaign_Name2]],Table3[#All],3,FALSE) -> #N/A | S40: =VLOOKUP(Table1[[#This Row],[Campaign_Name2]],Table3[],5,FALSE) -> #N/A | T40: =IF(Table1[[#This Row],[Campaign_Name2]]="No Campaign", 0, Table1[[#This Row],[Budget]]/COUNTIF(Table1[Campaign_Name2],Table1[[#This Row],[Campaign_Name2]])) -> 0
A41: P040 | B41: Twitter | C41: 45723 | D41: Image | E41: Check out our latest image on twitter! | F41: 4750 | G41: 151 | H41: 415 | I41: 38000 | J41: 37792 | K41: 299 | L41: #ThirstyForMore | M41: DailyWellness | N41: =SUM(F41,G41,H41) -> 5316 | O41: =IFERROR((Table1[[#This Row],[Likes]]+Table1[[#This Row],[Shares]]+Table1[[#This Row],[Comments]])/Table1[[#This Row],[Impressions]], 0) -> 0.13989474 | P41: {=IFERROR(INDEX('Campaign Metadata (2)'!$A$2:$A$10, MATCH(1, (C41>='Campaign Metadata (2)'!$B$2:$B$10) * (C41<='Campaign Metadata (2)'!$C$2:$C$10), 0)), "No Campaign")} -> DailyWellness | Q41: =VLOOKUP(Table1[[#This Row],[Campaign_Name2]],Table3[#All],2,) -> 45717 | R41: =VLOOKUP(Table1[[#This Row],[Campaign_Name2]],Table3[#All],3,FALSE) -> 45747 | S41: =VLOOKUP(Table1[[#This Row],[Campaign_Name2]],Table3[],5,FALSE) -> 180000 | T41: =IF(Table1[[#This Row],[Campaign_Name2]]="No Campaign", 0, Table1[[#This Row],[Budget]]/COUNTIF(Table1[Campaign_Name2],Table1[[#This Row],[Campaign_Name2]])) -> 5625
A42: P041 | B42: Instagram | C42: 45724 | D42: Reel | E42: Check out our latest reel on instagram! | F42: 456 | G42: 629 | H42: 428 | I42: 8208 | J42: 7377 | K42: 205 | L42: #LiveForNow | M42: DailyWellness | N42: =SUM(F42,G42,H42) -> 1513 | O42: =IFERROR((Table1[[#This Row],[Likes]]+Table1[[#This Row],[Shares]]+Table1[[#This Row],[Comments]])/Table1[[#This Row],[Impressions]], 0) -> 0.18433236 | P42: {=IFERROR(INDEX('Campaign Metadata (2)'!$A$2:$A$10, MATCH(1, (C42>='Campaign Metadata (2)'!$B$2:$B$10) * (C42<='Campaign Metadata (2)'!$C$2:$C$10), 0)), "No Campaign")} -> DailyWellness | Q42: =VLOOKUP(Table1[[#This Row],[Campaign_Name2]],Table3[#All],2,) -> 45717 | R42: =VLOOKUP(Table1[[#This Row],[Campaign_Name2]],Table3[#All],3,FALSE) -> 45747 | S42: =VLOOKUP(Table1[[#This Row],[Campaign_Name2]],Table3[],5,FALSE) -> 180000 | T42: =IF(Table1[[#This Row],[Campaign_Name2]]="No Campaign", 0, Table1[[#This Row],[Budget]]/COUNTIF(Table1[Campaign_Name2],Table1[[#This Row],[Campaign_Name2]])) -> 5625
A43: P042 | B43: YouTube | C43: 45721 | D43: Reel | E43: Check out our latest reel on youtube! | F43: 1543 | G43: 820 | H43: 333 | I43: 12344 | J43: 11496 | K43: 241 | L43: #ThirstyForMore | N43: =SUM(F43,G43,H43) -> 2696 | O43: =IFERROR((Table1[[#This Row],[Likes]]+Table1[[#This Row],[Shares]]+Table1[[#This Row],[Comments]])/Table1[[#This Row],[Impressions]], 0) -> 0.2184057 | P43: {=IFERROR(INDEX('Campaign Metadata (2)'!$A$2:$A$10, MATCH(1, (C43>='Campaign Metadata (2)'!$B$2:$B$10) * (C43<='Campaign Metadata (2)'!$C$2:$C$10), 0)), "No Campaign")} -> DailyWellness | Q43: =VLOOKUP(Table1[[#This Row],[Campaign_Name2]],Table3[#All],2,) -> 45717 | R43: =VLOOKUP(Table1[[#This Row],[Campaign_Name2]],Table3[#All],3,FALSE) -> 45747 | S43: =VLOOKUP(Table1[[#This Row],[Campaign_Name2]],Table3[],5,FALSE) -> 180000 | T43: =IF(Table1[[#This Row],[Campaign_Name2]]="No Campaign", 0, Table1[[#This Row],[Budget]]/COUNTIF(Table1[Campaign_Name2],Table1[[#This Row],[Campaign_Name2]])) -> 5625
A44: P043 | B44: Instagram | C44: 45640 | D44: Carousel | E44: Check out our latest carousel on instagram! | F44: 2174 | G44: 658 | H44: 15 | I44: 13044 | J44: 12206 | K44: 137 | L44: #PepsiCoRefresh | M44: NewYearRefresh | N44: =SUM(F44,G44,H44) -> 2847 | O44: =IFERROR((Table1[[#This Row],[Likes]]+Table1[[#This Row],[Shares]]+Table1[[#This Row],[Comments]])/Table1[[#This Row],[Impressions]], 0) -> 0.21826127 | P44: {=IFERROR(INDEX('Campaign Metadata (2)'!$A$2:$A$10, MATCH(1, (C44>='Campaign Metadata (2)'!$B$2:$B$10) * (C44<='Campaign Metadata (2)'!$C$2:$C$10), 0)), "No Campaign")} -> No Campaign | Q44: =VLOOKUP(Table1[[#This Row],[Campaign_Name2]],Table3[#All],2,) -> #N/A | R44: =VLOOKUP(Table1[[#This Row],[Campaign_Name2]],Table3[#All],3,FALSE) -> #N/A | S44: =VLOOKUP(Table1[[#This Row],[Campaign_Name2]],Table3[],5,FALSE) -> #N/A | T44: =IF(Table1[[#This Row],[Campaign_Name2]]="No Campaign", 0, Table1[[#This Row],[Budget]]/COUNTIF(Table1[Campaign_Name2],Table1[[#This Row],[Campaign_Name2]])) -> 0
A45: P044 | B45: Twitter | C45: 45718 | D45: Image | E45: Check out our latest image on twitter! | F45: 2358 | G45: 784 | H45: 344 | I45: 35370 | J45: 34475 | K45: 216 | L45: #PepsiCoRefresh | N45: =SUM(F45,G45,H45) -> 3486 | O45: =IFERROR((Table1[[#This Row],[Likes]]+Table1[[#This Row],[Shares]]+Table1[[#This Row],[Comments]])/Table1[[#This Row],[Impressions]], 0) -> 0.0985581 | P45: {=IFERROR(INDEX('Campaign Metadata (2)'!$A$2:$A$10, MATCH(1, (C45>='Campaign Metadata (2)'!$B$2:$B$10) * (C45<='Campaign Metadata (2)'!$C$2:$C$10), 0)), "No Campaign")} -> DailyWellness | Q45: =VLOOKUP(Table1[[#This Row],[Campaign_Name2]],Table3[#All],2,) -> 45717 | R45: =VLOOKUP(Table1[[#This Row],[Campaign_Name2]],Table3[#All],3,FALSE) -> 45747 | S45: =VLOOKUP(Table1[[#This Row],[Campaign_Name2]],Table3[],5,FALSE) -> 180000 | T45: =IF(Table1[[#This Row],[Campaign_Name2]]="No Campaign", 0, Table1[[#This Row],[Budget]]/COUNTIF(Table1[Campaign_Name2],Table1[[#This Row],[Campaign_Name2]])) -> 5625
A46: P045 | B46: Facebook | C46: 45597 | D46: Video | E46: Check out our latest video on facebook! | F46: 3371 | G46: 106 | H46: 327 | I46: 50565 | J46: 49816 | K46: 176 | L46: #LiveForNow | M46: SummerSplash | N46: =SUM(F46,G46,H46) -> 3804 | O46: =IFERROR((Table1[[#This Row],[Likes]]+Table1[[#This Row],[Shares]]+Table1[[#This Row],[Comments]])/Table1[[#This Row],[Impressions]], 0) -> 0.075229902 | P46: {=IFERROR(INDEX('Campaign Metadata (2)'!$A$2:$A$10, MATCH(1, (C46>='Campaign Metadata (2)'!$B$2:$B$10) * (C46<='Campaign Metadata (2)'!$C$2:$C$10), 0)), "No Campaign")} -> No Campaign | Q46: =VLOOKUP(Table1[[#This Row],[Campaign_Name2]],Table3[#All],2,) -> #N/A | R46: =VLOOKUP(Table1[[#This Row],[Campaign_Name2]],Table3[#All],3,FALSE) -> #N/A | S46: =VLOOKUP(Table1[[#This Row],[Campaign_Name2]],Table3[],5,FALSE) -> #N/A | T46: =IF(Table1[[#This Row],[Campaign_Name2]]="No Campaign", 0, Table1[[#This Row],[Budget]]/COUNTIF(Table1[Campaign_Name2],Table1[[#This Row],[Campaign_Name2]])) -> 0
A47: P046 | B47: Twitter | C47: 45779 | D47: Video | E47: Check out our latest video on twitter! | F47: 1108 | G47: 177 | H47: 212 | I47: 8864 | J47: 8710 | K47: 97 | L47: #PepsiCoRefresh | M47: DailyWellness | N47: =SUM(F47,G47,H47) -> 1497 | O47: =IFERROR((Table1[[#This Row],[Likes]]+Table1[[#This Row],[Shares]]+Table1[[#This Row],[Comments]])/Table1[[#This Row],[Impressions]], 0) -> 0.16888538 | P47: {=IFERROR(INDEX('Campaign Metadata (2)'!$A$2:$A$10, MATCH(1, (C47>='Campaign Metadata (2)'!$B$2:$B$10) * (C47<='Campaign Metadata (2)'!$C$2:$C$10), 0)), "No Campaign")} -> No Campaign | Q47: =VLOOKUP(Table1[[#This Row],[Campaign_Name2]],Table3[#All],2,) -> #N/A | R47: =VLOOKUP(Table1[[#This Row],[Campaign_Name2]],Table3[#All],3,FALSE) -> #N/A | S47: =VLOOKUP(Table1[[#This Row],[Campaign_Name2]],Table3[],5,FALSE) -> #N/A | T47: =IF(Table1[[#This Row],[Campaign_Name2]]="No Campaign", 0, Table1[[#This Row],[Budget]]/COUNTIF(Table1[Campaign_Name2],Table1[[#This Row],[Campaign_Name2]])) -> 0
A48: P047 | B48: Twitter | C48: 45712 | D48: Carousel | E48: Check out our latest carousel on twitter! | F48: 2704 | G48: 752 | H48: 153 | I48: 21632 | J48: 20792 | K48: 127 | L48: #LiveForNow | N48: =SUM(F48,G48,H48) -> 3609 | O48: =IFERROR((Table1[[#This Row],[Likes]]+Table1[[#This Row],[Shares]]+Table1[[#This Row],[Comments]])/Table1[[#This Row],[Impressions]], 0) -> 0.16683617 | P48: {=IFERROR(INDEX('Campaign Metadata (2)'!$A$2:$A$10, MATCH(1, (C48>='Campaign Metadata (2)'!$B$2:$B$10) * (C48<='Campaign Metadata (2)'!$C$2:$C$10), 0)), "No Campaign")} -> No Campaign | Q48: =VLOOKUP(Table1[[#This Row],[Campaign_Name2]],Table3[#All],2,) -> #N/A | R48: =VLOOKUP(Table1[[#This Row],[Campaign_Name2]],Table3[#All],3,FALSE) -> #N/A | S48: =VLOOKUP(Table1[[#This Row],[Campaign_Name2]],Table3[],5,FALSE) -> #N/A | T48: =IF(Table1[[#This Row],[Campaign_Name2]]="No Campaign", 0, Table1[[#This Row],[Budget]]/COUNTIF(Table1[Campaign_Name2],Table1[[#This Row],[Campaign_Name2]])) -> 0
A49: P048 | B49: Twitter | C49: 45727 | D49: Story | E49: Check out our latest story on twitter! | F49: 1950 | G49: 295 | H49: 478 | I49: 37050 | J49: 36272 | K49: 119 | L49: #PepsiCoRefresh | N49: =SUM(F49,G49,H49) -> 2723 | O49: =IFERROR((Table1[[#This Row],[Likes]]+Table1[[#This Row],[Shares]]+Table1[[#This Row],[Comments]])/Table1[[#This Row],[Impressions]], 0) -> 0.073495277 | P49: {=IFERROR(INDEX('Campaign Metadata (2)'!$A$2:$A$10, MATCH(1, (C49>='Campaign Metadata (2)'!$B$2:$B$10) * (C49<='Campaign Metadata (2)'!$C$2:$C$10), 0)), "No Campaign")} -> DailyWellness | Q49: =VLOOKUP(Table1[[#This Row],[Campaign_Name2]],Table3[#All],2,) -> 45717 | R49: =VLOOKUP(Table1[[#This Row],[Campaign_Name2]],Table3[#All],3,FALSE) -> 45747 | S49: =VLOOKUP(Table1[[#This Row],[Campaign_Name2]],Table3[],5,FALSE) -> 180000 | T49: =IF(Table1[[#This Row],[Campaign_Name2]]="No Campaign", 0, Table1[[#This Row],[Budget]]/COUNTIF(Table1[Campaign_Name2],Table1[[#This Row],[Campaign_Name2]])) -> 5625
A50: P049 | B50: Twitter | C50: 45453 | D50: Story | E50: Check out our latest story on twitter! | F50: 2164 | G50: 549 | H50: 274 | I50: 28132 | J50: 27361 | K50: 177 | L50: #PepsiCoRefresh | M50: DailyWellness | N50: =SUM(F50,G50,H50) -> 2987 | O50: =IFERROR((Table1[[#This Row],[Likes]]+Table1[[#This Row],[Shares]]+Table1[[#This Row],[Comments]])/Table1[[#This Row],[Impressions]], 0) -> 0.10617802 | P50: {=IFERROR(INDEX('Campaign Metadata (2)'!$A$2:$A$10, MATCH(1, (C50>='Campaign Metadata (2)'!$B$2:$B$10) * (C50<='Campaign Metadata (2)'!$C$2:$C$10), 0)), "No Campaign")} -> No Campaign | Q50: =VLOOKUP(Table1[[#This Row],[Campaign_Name2]],Table3[#All],2,) -> #N/A | R50: =VLOOKUP(Table1[[#This Row],[Campaign_Name2]],Table3[#All],3,FALSE) -> #N/A | S50: =VLOOKUP(Table1[[#This Row],[Campaign_Name2]],Table3[],5,FALSE) -> #N/A | T50: =IF(Table1[[#This Row],[Campaign_Name2]]="No Campaign", 0, Table1[[#This Row],[Budget]]/COUNTIF(Table1[Campaign_Name2],Table1[[#This Row],[Campaign_Name2]])) -> 0
A51: P050 | B51: YouTube | C51: 45476 | D51: Story | E51: Check out our latest story on youtube! | F51: 2754 | G51: 130 | H51: 90 | I51: 22032 | J51: 21288 | K51: 112 | L51: #PepsiCoRefresh | M51: NewYearRefresh | N51: =SUM(F51,G51,H51) -> 2974 | O51: =IFERROR((Table1[[#This Row],[Likes]]+Table1[[#This Row],[Shares]]+Table1[[#This Row],[Comments]])/Table1[[#This Row],[Impressions]], 0) -> 0.13498548 | P51: {=IFERROR(INDEX('Campaign Metadata (2)'!$A$2:$A$10, MATCH(1, (C51>='Campaign Metadata (2)'!$B$2:$B$10) * (C51<='Campaign Metadata (2)'!$C$2:$C$10), 0)), "No Campaign")} -> SummerSplash | Q51: =VLOOKUP(Table1[[#This Row],[Campaign_Name2]],Table3[#All],2,) -> 45458 | R51: =VLOOKUP(Table1[[#This Row],[Campaign_Name2]],Table3[#All],3,FALSE) -> 45488 | S51: =VLOOKUP(Table1[[#This Row],[Campaign_Name2]],Table3[],5,FALSE) -> 150000 | T51: =IF(Table1[[#This Row],[Campaign_Name2]]="No Campaign", 0, Table1[[#This Row],[Budget]]/COUNTIF(Table1[Campaign_Name2],Table1[[#This Row],[Campaign_Name2]])) -> 5555.5556
A52: P051 | B52: Facebook | C52: 45456 | D52: Carousel | E52: Check out our latest carousel on facebook! | F52: 2200 | G52: 504 | H52: 239 | I52: 37400 | J52: 36938 | K52: 225 | L52: #LiveForNow | M52: FestiveRadiance | N52: =SUM(F52,G52,H52) -> 2943 | O52: =IFERROR((Table1[[#This Row],[Likes]]+Table1[[#This Row],[Shares]]+Table1[[#This Row],[Comments]])/Table1[[#This Row],[Impressions]], 0) -> 0.07868984 | P52: {=IFERROR(INDEX('Campaign Metadata (2)'!$A$2:$A$10, MATCH(1, (C52>='Campaign Metadata (2)'!$B$2:$B$10) * (C52<='Campaign Metadata (2)'!$C$2:$C$10), 0)), "No Campaign")} -> No Campaign | Q52: =VLOOKUP(Table1[[#This Row],[Campaign_Name2]],Table3[#All],2,) -> #N/A | R52: =VLOOKUP(Table1[[#This Row],[Campaign_Name2]],Table3[#All],3,FALSE) -> #N/A | S52: =VLOOKUP(Table1[[#This Row],[Campaign_Name2]],Table3[],5,FALSE) -> #N/A | T52: =IF(Table1[[#This Row],[Campaign_Name2]]="No Campaign", 0, Table1[[#This Row],[Budget]]/COUNTIF(Table1[Campaign_Name2],Table1[[#This Row],[Campaign_Name2]])) -> 0
A53: P052 | B53: Facebook | C53: 45660 | D53: Image | E53: Check out our latest image on facebook! | F53: 947 | G53: 338 | H53: 350 | I53: 10417 | J53: 9730 | K53: 34 | L53: #PepsiCoRefresh | M53: DailyWellness | N53: =SUM(F53,G53,H53) -> 1635 | O53: =IFERROR((Table1[[#This Row],[Likes]]+Table1[[#This Row],[Shares]]+Table1[[#This Row],[Comments]])/Table1[[#This Row],[Impressions]], 0) -> 0.15695498 | P53: {=IFERROR(INDEX('Campaign Metadata (2)'!$A$2:$A$10, MATCH(1, (C53>='Campaign Metadata (2)'!$B$2:$B$10) * (C53<='Campaign Metadata (2)'!$C$2:$C$10), 0)), "No Campaign")} -> NewYearRefresh | Q53: =VLOOKUP(Table1[[#This Row],[Campaign_Name2]],Table3[#All],2,) -> 45651 | R53: =VLOOKUP(Table1[[#This Row],[Campaign_Name2]],Table3[#All],3,FALSE) -> 45667 | S53: =VLOOKUP(Table1[[#This Row],[Campaign_Name2]],Table3[],5,FALSE) -> 250000 | T53: =IF(Table1[[#This Row],[Campaign_Name2]]="No Campaign", 0, Table1[[#This Row],[Budget]]/COUNTIF(Table1[Campaign_Name2],Table1[[#This Row],[Campaign_Name2]])) -> 25000
A54: P053 | B54: YouTube | C54: 45712 | D54: Carousel | E54: Check out our latest carousel on youtube! | F54: 804 | G54: 639 | H54: 43 | I54: 4020 | J54: 3144 | K54: 11 | L54: #ThirstyForMore,#BetterWithPepsi | N54: =SUM(F54,G54,H54) -> 1486 | O54: =IFERROR((Table1[[#This Row],[Likes]]+Table1[[#This Row],[Shares]]+Table1[[#This Row],[Comments]])/Table1[[#This Row],[Impressions]], 0) -> 0.36965174 | P54: {=IFERROR(INDEX('Campaign Metadata (2)'!$A$2:$A$10, MATCH(1, (C54>='Campaign Metadata (2)'!$B$2:$B$10) * (C54<='Campaign Metadata (2)'!$C$2:$C$10), 0)), "No Campaign")} -> No Campaign | Q54: =VLOOKUP(Table1[[#This Row],[Campaign_Name2]],Table3[#All],2,) -> #N/A | R54: =VLOOKUP(Table1[[#This Row],[Campaign_Name2]],Table3[#All],3,FALSE) -> #N/A | S54: =VLOOKUP(Table1[[#This Row],[Campaign_Name2]],Table3[],5,FALSE) -> #N/A | T54: =IF(Table1[[#This Row],[Campaign_Name2]]="No Campaign", 0, Table1[[#This Row],[Budget]]/COUNTIF(Table1[Campaign_Name2],Table1[[#This Row],[Campaign_Name2]])) -> 0
A55: P054 | B55: YouTube | C55: 45729 | D55: Carousel | E55: Check out our latest carousel on youtube! | F55: 1686 | G55: 904 | H55: 472 | I55: 18546 | J55: 18171 | K55: 52 | L55: #LiveForNow | M55: FestiveRadiance | N55: =SUM(F55,G55,H55) -> 3062 | O55: =IFERROR((Table1[[#This Row],[Likes]]+Table1[[#This Row],[Shares]]+Table1[[#This Row],[Comments]])/Table1[[#This Row],[Impressions]], 0) -> 0.16510299 | P55: {=IFERROR(INDEX('Campaign Metadata (2)'!$A$2:$A$10, MATCH(1, (C55>='Campaign Metadata (2)'!$B$2:$B$10) * (C55<='Campaign Metadata (2)'!$C$2:$C$10), 0)), "No Campaign")} -> DailyWellness | Q55: =VLOOKUP(Table1[[#This Row],[Campaign_Name2]],Table3[#All],2,) -> 45717 | R55: =VLOOKUP(Table1[[#This Row],[Campaign_Name2]],Table3[#All],3,FALSE) -> 45747 | S55: =VLOOKUP(Table1[[#This Row],[Campaign_Name2]],Table3[],5,FALSE) -> 180000 | T55: =IF(Table1[[#This Row],[Campaign_Name2]]="No Campaign", 0, Table1[[#This Row],[Budget]]/COUNTIF(Table1[Campaign_Name2],Table1[[#This Row],[Campaign_Name2]])) -> 5625
A56: P055 | B56: Facebook | C56: 45460 | D56: Image | E56: Check out our latest image on facebook! | F56: 1226 | G56: 119 | H56: 7 | I56: 14712 | J56: 14049 | K56: 123 | L56: #ThirstyForMore | M56: DailyWellness | N56: =SUM(F56,G56,H56) -> 1352 | O56: =IFERROR((Table1[[#This Row],[Likes]]+Table1[[#This Row],[Shares]]+Table1[[#This Row],[Comments]])/Table1[[#This Row],[Impressions]], 0) -> 0.091897771 | P56: {=IFERROR(INDEX('Campaign Metadata (2)'!$A$2:$A$10, MATCH(1, (C56>='Campaign Metadata (2)'!$B$2:$B$10) * (C56<='Campaign Metadata (2)'!$C$2:$C$10), 0)), "No Campaign")} -> SummerSplash | Q56: =VLOOKUP(Table1[[#This Row],[Campaign_Name2]],Table3[#All],2,) -> 45458 | R56: =VLOOKUP(Table1[[#This Row],[Campaign_Name2]],Table3[#All],3,FALSE) -> 45488 | S56: =VLOOKUP(Table1[[#This Row],[Campaign_Name2]],Table3[],5,FALSE) -> 150000 | T56: =IF(Table1[[#This Row],[Campaign_Name2]]="No Campaign", 0, Table1[[#This Row],[Budget]]/COUNTIF(Table1[Campaign_Name2],Table1[[#This Row],[Campaign_Name2]])) -> 5555.5556
A57: P056 | B57: Facebook | C57: 45644 | D57: Carousel | E57: Check out our latest carousel on facebook! | F57: 2946 | G57: 498 | H57: 367 | I57: 29460 | J57: 28527 | K57: 60 | L57: #LiveForNow | M57: NewYearRefresh | N57: =SUM(F57,G57,H57) -> 3811 | O57: =IFERROR((Table1[[#This Row],[Likes]]+Table1[[#This Row],[Shares]]+Table1[[#This Row],[Comments]])/Table1[[#This Row],[Impressions]], 0) -> 0.12936185 | P57: {=IFERROR(INDEX('Campaign Metadata (2)'!$A$2:$A$10, MATCH(1, (C57>='Campaign Metadata (2)'!$B$2:$B$10) * (C57<='Campaign Metadata (2)'!$C$2:$C$10), 0)), "No Campaign")} -> No Campaign | Q57: =VLOOKUP(Table1[[#This Row],[Campaign_Name2]],Table3[#All],2,) -> #N/A | R57: =VLOOKUP(Table1[[#This Row],[Campaign_Name2]],Table3[#All],3,FALSE) -> #N/A | S57: =VLOOKUP(Table1[[#This Row],[Campaign_Name2]],Table3[],5,FALSE) -> #N/A | T57: =IF(Table1[[#This Row],[Campaign_Name2]]="No Campaign", 0, Table1[[#This Row],[Budget]]/COUNTIF(Table1[Campaign_Name2],Table1[[#This Row],[Campaign_Name2]])) -> 0
A58: P057 | B58: Twitter | C58: 45586 | D58: Video | E58: Check out our latest video on twitter! | F58: 2825 | G58: 535 | H58: 295 | I58: 45200 | J58: 44739 | K58: 169 | L58: #PepsiCoRefresh | M58: SummerSplash | N58: =SUM(F58,G58,H58) -> 3655 | O58: =IFERROR((Table1[[#This Row],[Likes]]+Table1[[#This Row],[Shares]]+Table1[[#This Row],[Comments]])/Table1[[#This Row],[Impressions]], 0) -> 0.080862832 | P58: {=IFERROR(INDEX('Campaign Metadata (2)'!$A$2:$A$10, MATCH(1, (C58>='Campaign Metadata (2)'!$B$2:$B$10) * (C58<='Campaign Metadata (2)'!$C$2:$C$10), 0)), "No Campaign")} -> FestiveRadiance | Q58: =VLOOKUP(Table1[[#This Row],[Campaign_Name2]],Table3[#All],2,) -> 45566 | R58: =VLOOKUP(Table1[[#This Row],[Campaign_Name2]],Table3[#All],3,FALSE) -> 45596 | S58: =VLOOKUP(Table1[[#This Row],[Campaign_Name2]],Table3[],5,FALSE) -> 200000 | T58: =IF(Table1[[#This Row],[Campaign_Name2]]="No Campaign", 0, Table1[[#This Row],[Budget]]/COUNTIF(Table1[Campaign_Name2],Table1[[#This Row],[Campaign_Name2]])) -> 5714.2857
A59: P058 | B59: Instagram | C59: 45762 | D59: Reel | E59: Check out our latest reel on instagram! | F59: 103 | G59: 770 | H59: 19 | I59: 1030 | J59: 410 | K59: 262 | L59: #PepsiCoRefresh | M59: DailyWellness | N59: =SUM(F59,G59,H59) -> 892 | O59: =IFERROR((Table1[[#This Row],[Likes]]+Table1[[#This Row],[Shares]]+Table1[[#This Row],[Comments]])/Table1[[#This Row],[Impressions]], 0) -> 0.86601942 | P59: {=IFERROR(INDEX('Campaign Metadata (2)'!$A$2:$A$10, MATCH(1, (C59>='Campaign Metadata (2)'!$B$2:$B$10) * (C59<='Campaign Metadata (2)'!$C$2:$C$10), 0)), "No Campaign")} -> No Campaign | Q59: =VLOOKUP(Table1[[#This Row],[Campaign_Name2]],Table3[#All],2,) -> #N/A | R59: =VLOOKUP(Table1[[#This Row],[Campaign_Name2]],Table3[#All],3,FALSE) -> #N/A | S59: =VLOOKUP(Table1[[#This Row],[Campaign_Name2]],Table3[],5,FALSE) -> #N/A | T59: =IF(Table1[[#This Row],[Campaign_Name2]]="No Campaign", 0, Table1[[#This Row],[Budget]]/COUNTIF(Table1[Campaign_Name2],Table1[[#This Row],[Campaign_Name2]])) -> 0
A60: P059 | B60: Instagram | C60: 45465 | D60: Text | E60: Check out our latest text on instagram! | F60: 2180 | G60: 263 | H60: 387 | I60: 30520 | J60: 30059 | K60: 174 | L60: #ThirstyForMore | N60: =SUM(F60,G60,H60) -> 2830 | O60: =IFERROR((Table1[[#This Row],[Likes]]+Table1[[#This Row],[Shares]]+Table1[[#This Row],[Comments]])/Table1[[#This Row],[Impressions]], 0) -> 0.092726081 | P60: {=IFERROR(INDEX('Campaign Metadata (2)'!$A$2:$A$10, MATCH(1, (C60>='Campaign Metadata (2)'!$B$2:$B$10) * (C60<='Campaign Metadata (2)'!$C$2:$C$10), 0)), "No Campaign")} -> SummerSplash | Q60: =VLOOKUP(Table1[[#This Row],[Campaign_Name2]],Table3[#All],2,) -> 45458 | R60: =VLOOKUP(Table1[[#This Row],[Campaign_Name2]],Table3[#All],3,FALSE) -> 45488 | S60: =VLOOKUP(Table1[[#This Row],[Campaign_Name2]],Table3[],5,FALSE) -> 150000 | T60: =IF(Table1[[#This Row],[Campaign_Name2]]="No Campaign", 0, Table1[[#This Row],[Budget]]/COUNTIF(Table1[Campaign_Name2],Table1[[#This Row],[Campaign_Name2]])) -> 5555.5556
A61: P060 | B61: Instagram | C61: 45685 | D61: Video | E61: Check out our latest video on instagram! | F61: 904 | G61: 973 | H61: 63 | I61: 11752 | J61: 11580 | K61: 84 | L61: #ThirstyForMore,#PepsiCoRefresh,#AnytimeIsPepsiTime | M61: NewYearRefresh | N61: =SUM(F61,G61,H61) -> 1940 | O61: =IFERROR((Table1[[#This Row],[Likes]]+Table1[[#This Row],[Shares]]+Table1[[#This Row],[Comments]])/Table1[[#This Row],[Impressions]], 0) -> 0.16507828 | P61: {=IFERROR(INDEX('Campaign Metadata (2)'!$A$2:$A$10, MATCH(1, (C61>='Campaign Metadata (2)'!$B$2:$B$10) * (C61<='Campaign Metadata (2)'!$C$2:$C$10), 0)), "No Campaign")} -> No Campaign | Q61: =VLOOKUP(Table1[[#This Row],[Campaign_Name2]],Table3[#All],2,) -> #N/A | R61: =VLOOKUP(Table1[[#This Row],[Campaign_Name2]],Table3[#All],3,FALSE) -> #N/A | S61: =VLOOKUP(Table1[[#This Row],[Campaign_Name2]],Table3[],5,FALSE) -> #N/A | T61: =IF(Table1[[#This Row],[Campaign_Name2]]="No Campaign", 0, Table1[[#This Row],[Budget]]/COUNTIF(Table1[Campaign_Name2],Table1[[#This Row],[Campaign_Name2]])) -> 0
A62: P061 | B62: Twitter | C62: 45540 | D62: Video | E62: Check out our latest video on twitter! | F62: 4886 | G62: 983 | H62: 409 | I62: 43974 | J62: 43239 | K62: 65 | L62: #PepsiCoRefresh | M62: SummerSplash | N62: =SUM(F62,G62,H62) -> 6278 | O62: =IFERROR((Table1[[#This Row],[Likes]]+Table1[[#This Row],[Shares]]+Table1[[#This Row],[Comments]])/Table1[[#This Row],[Impressions]], 0) -> 0.14276618 | P62: {=IFERROR(INDEX('Campaign Metadata (2)'!$A$2:$A$10, MATCH(1, (C62>='Campaign Metadata (2)'!$B$2:$B$10) * (C62<='Campaign Metadata (2)'!$C$2:$C$10), 0)), "No Campaign")} -> No Campaign | Q62: =VLOOKUP(Table1[[#This Row],[Campaign_Name2]],Table3[#All],2,) -> #N/A | R62: =VLOOKUP(Table1[[#This Row],[Campaign_Name2]],Table3[#All],3,FALSE) -> #N/A | S62: =VLOOKUP(Table1[[#This Row],[Campaign_Name2]],Table3[],5,FALSE) -> #N/A | T62: =IF(Table1[[#This Row],[Campaign_Name2]]="No Campaign", 0, Table1[[#This Row],[Budget]]/COUNTIF(Table1[Campaign_Name2],Table1[[#This Row],[Campaign_Name2]])) -> 0
A63: P062 | B63: Twitter | C63: 45618 | D63: Carousel | E63: Check out our latest carousel on twitter! | F63: 53 | G63: 81 | H63: 379 | I63: 954 | J63: 7 | K63: 148 | L63: #PepsiCoRefresh | M63: NewYearRefresh | N63: =SUM(F63,G63,H63) -> 513 | O63: =IFERROR((Table1[[#This Row],[Likes]]+Table1[[#This Row],[Shares]]+Table1[[#This Row],[Comments]])/Table1[[#This Row],[Impressions]], 0) -> 0.53773585 | P63: {=IFERROR(INDEX('Campaign Metadata (2)'!$A$2:$A$10, MATCH(1, (C63>='Campaign Metadata (2)'!$B$2:$B$10) * (C63<='Campaign Metadata (2)'!$C$2:$C$10), 0)), "No Campaign")} -> No Campaign | Q63: =VLOOKUP(Table1[[#This Row],[Campaign_Name2]],Table3[#All],2,) -> #N/A | R63: =VLOOKUP(Table1[[#This Row],[Campaign_Name2]],Table3[#All],3,FALSE) -> #N/A | S63: =VLOOKUP(Table1[[#This Row],[Campaign_Name2]],Table3[],5,FALSE) -> #N/A | T63: =IF(Table1[[#This Row],[Campaign_Name2]]="No Campaign", 0, Table1[[#This Row],[Budget]]/COUNTIF(Table1[Campaign_Name2],Table1[[#This Row],[Campaign_Name2]])) -> 0
A64: P063 | B64: Twitter | C64: 45504 | D64: Carousel | E64: Check out our latest carousel on twitter! | F64: 4507 | G64: 217 | H64: 13 | I64: 90140 | J64: 89591 | K64: 125 | L64: #LiveForNow | M64: NewYearRefresh | N64: =SUM(F64,G64,H64) -> 4737 | O64: =IFERROR((Table1[[#This Row],[Likes]]+Table1[[#This Row],[Shares]]+Table1[[#This Row],[Comments]])/Table1[[#This Row],[Impressions]], 0) -> 0.052551586 | P64: {=IFERROR(INDEX('Campaign Metadata (2)'!$A$2:$A$10, MATCH(1, (C64>='Campaign Metadata (2)'!$B$2:$B$10) * (C64<='Campaign Metadata (2)'!$C$2:$C$10), 0)), "No Campaign")} -> No Campaign | Q64: =VLOOKUP(Table1[[#This Row],[Campaign_Name2]],Table3[#All],2,) -> #N/A | R64: =VLOOKUP(Table1[[#This Row],[Campaign_Name2]],Table3[#All],3,FALSE) -> #N/A | S64: =VLOOKUP(Table1[[#This Row],[Campaign_Name2]],Table3[],5,FALSE) -> #N/A | T64: =IF(Table1[[#This Row],[Campaign_Name2]]="No Campaign", 0, Table1[[#This Row],[Budget]]/COUNTIF(Table1[Campaign_Name2],Table1[[#This Row],[Campaign_Name2]])) -> 0
A65: P064 | B65: Facebook | C65: 45521 | D65: Image | E65: Check out our latest image on facebook! | F65: 2878 | G65: 248 | H65: 416 | I65: 43170 | J65: 42667 | K65: 75 | L65: #LiveForNow | M65: NewYearRefresh | N65: =SUM(F65,G65,H65) -> 3542 | O65: =IFERROR((Table1[[#This Row],[Likes]]+Table1[[#This Row],[Shares]]+Table1[[#This Row],[Comments]])/Table1[[#This Row],[Impressions]], 0) -> 0.082047718 | P65: {=IFERROR(INDEX('Campaign Metadata (2)'!$A$2:$A$10, MATCH(1, (C65>='Campaign Metadata (2)'!$B$2:$B$10) * (C65<='Campaign Metadata (2)'!$C$2:$C$10), 0)), "No Campaign")} -> No Campaign | Q65: =VLOOKUP(Table1[[#This Row],[Campaign_Name2]],Table3[#All],2,) -> #N/A | R65: =VLOOKUP(Table1[[#This Row],[Campaign_Name2]],Table3[#All],3,FALSE) -> #N/A | S65: =VLOOKUP(Table1[[#This Row],[Campaign_Name2]],Table3[],5,FALSE) -> #N/A | T65: =IF(Table1[[#This Row],[Campaign_Name2]]="No Campaign", 0, Table1[[#This Row],[Budget]]/COUNTIF(Table1[Campaign_Name2],Table1[[#This Row],[Campaign_Name2]])) -> 0
A66: P065 | B66: Instagram | C66: 45744 | D66: Story | E66: Check out our latest story on instagram! | F66: 1881 | G66: 501 | H66: 99 | I66: 20691 | J66: 19987 | K66: 289 | L66: #ThirstyForMore | N66: =SUM(F66,G66,H66) -> 2481 | O66: =IFERROR((Table1[[#This Row],[Likes]]+Table1[[#This Row],[Shares]]+Table1[[#This Row],[Comments]])/Table1[[#This Row],[Impressions]], 0) -> 0.11990721 | P66: {=IFERROR(INDEX('Campaign Metadata (2)'!$A$2:$A$10, MATCH(1, (C66>='Campaign Metadata (2)'!$B$2:$B$10) * (C66<='Campaign Metadata (2)'!$C$2:$C$10), 0)), "No Campaign")} -> DailyWellness | Q66: =VLOOKUP(Table1[[#This Row],[Campaign_Name2]],Table3[#All],2,) -> 45717 | R66: =VLOOKUP(Table1[[#This Row],[Campaign_Name2]],Table3[#All],3,FALSE) -> 45747 | S66: =VLOOKUP(Table1[[#This Row],[Campaign_Name2]],Table3[],5,FALSE) -> 180000 | T66: =IF(Table1[[#This Row],[Campaign_Name2]]="No Campaign", 0, Table1[[#This Row],[Budget]]/COUNTIF(Table1[Campaign_Name2],Table1[[#This Row],[Campaign_Name2]])) -> 5625
A67: P066 | B67: Twitter | C67: 45499 | D67: Carousel | E67: Check out our latest carousel on twitter! | F67: 432 | G67: 171 | H67: 280 | I67: 3024 | J67: 2285 | K67: 184 | L67: #ThirstyForMore | M67: SummerSplash | N67: =SUM(F67,G67,H67) -> 883 | O67: =IFERROR((Table1[[#This Row],[Likes]]+Table1[[#This Row],[Shares]]+Table1[[#This Row],[Comments]])/Table1[[#This Row],[Impressions]], 0) -> 0.29199735 | P67: {=IFERROR(INDEX('Campaign Metadata (2)'!$A$2:$A$10, MATCH(1, (C67>='Campaign Metadata (2)'!$B$2:$B$10) * (C67<='Campaign Metadata (2)'!$C$2:$C$10), 0)), "No Campaign")} -> No Campaign | Q67: =VLOOKUP(Table1[[#This Row],[Campaign_Name2]],Table3[#All],2,) -> #N/A | R67: =VLOOKUP(Table1[[#This Row],[Campaign_Name2]],Table3[#All],3,FALSE) -> #N/A | S67: =VLOOKUP(Table1[[#This Row],[Campaign_Name2]],Table3[],5,FALSE) -> #N/A | T67: =IF(Table1[[#This Row],[Campaign_Name2]]="No Campaign", 0, Table1[[#This Row],[Budget]]/COUNTIF(Table1[Campaign_Name2],Table1[[#This Row],[Campaign_Name2]])) -> 0
A68: P067 | B68: Facebook | C68: 45745 | D68: Carousel | E68: Check out our latest carousel on facebook! | F68: 4712 | G68: 568 | H68: 127 | I68: 84816 | J68: 84691 | K68: 100 | L68: #ThirstyForMore | M68: NewYearRefresh | N68: =SUM(F68,G68,H68) -> 5407 | O68: =IFERROR((Table1[[#This Row],[Likes]]+Table1[[#This Row],[Shares]]+Table1[[#This Row],[Comments]])/Table1[[#This Row],[Impressions]], 0) -> 0.063749764 | P68: {=IFERROR(INDEX('Campaign Metadata (2)'!$A$2:$A$10, MATCH(1, (C68>='Campaign Metadata (2)'!$B$2:$B$10) * (C68<='Campaign Metadata (2)'!$C$2:$C$10), 0)), "No Campaign")} -> DailyWellness | Q68: =VLOOKUP(Table1[[#This Row],[Campaign_Name2]],Table3[#All],2,) -> 45717 | R68: =VLOOKUP(Table1[[#This Row],[Campaign_Name2]],Table3[#All],3,FALSE) -> 45747 | S68: =VLOOKUP(Table1[[#This Row],[Campaign_Name2]],Table3[],5,FALSE) -> 180000 | T68: =IF(Table1[[#This Row],[Campaign_Name2]]="No Campaign", 0, Table1[[#This Row],[Budget]]/COUNTIF(Table1[Campaign_Name2],Table1[[#This Row],[Campaign_Name2]])) -> 5625
A69: P068 | B69: Instagram | C69: 45634 | D69: Story | E69: Check out our latest story on instagram! | F69: 2610 | G69: 126 | H69: 288 | I69: 15660 | J69: 15145 | K69: 73 | L69: #ThirstyForMore | N69: =SUM(F69,G69,H69) -> 3024 | O69: =IFERROR((Table1[[#This Row],[Likes]]+Table1[[#This Row],[Shares]]+Table1[[#This Row],[Comments]])/Table1[[#This Row],[Impressions]], 0) -> 0.19310345 | P69: {=IFERROR(INDEX('Campaign Metadata (2)'!$A$2:$A$10, MATCH(1, (C69>='Campaign Metadata (2)'!$B$2:$B$10) * (C69<='Campaign Metadata (2)'!$C$2:$C$10), 0)), "No Campaign")} -> No Campaign | Q69: =VLOOKUP(Table1[[#This Row],[Campaign_Name2]],Table3[#All],2,) -> #N/A | R69: =VLOOKUP(Table1[[#This Row],[Campaign_Name2]],Table3[#All],3,FALSE) -> #N/A | S69: =VLOOKUP(Table1[[#This Row],[Campaign_Name2]],Table3[],5,FALSE) -> #N/A | T69: =IF(Table1[[#This Row],[Campaign_Name2]]="No Campaign", 0, Table1[[#This Row],[Budget]]/COUNTIF(Table1[Campaign_Name2],Table1[[#This Row],[Campaign_Name2]])) -> 0
A70: P069 | B70: Twitter | C70: 45724 | D70: Text | E70: Check out our latest text on twitter! | F70: 1292 | G70: 626 | H70: 496 | I70: 25840 | J70: 24916 | K70: 149 | L70: #LiveForNow | M70: NewYearRefresh | N70: =SUM(F70,G70,H70) -> 2414 | O70: =IFERROR((Table1[[#This Row],[Likes]]+Table1[[#This Row],[Shares]]+Table1[[#This Row],[Comments]])/Table1[[#This Row],[Impressions]], 0) -> 0.093421053 | P70: {=IFERROR(INDEX('Campaign Metadata (2)'!$A$2:$A$10, MATCH(1, (C70>='Campaign Metadata (2)'!$B$2:$B$10) * (C70<='Campaign Metadata (2)'!$C$2:$C$10), 0)), "No Campaign")} -> DailyWellness | Q70: =VLOOKUP(Table1[[#This Row],[Campaign_Name2]],Table3[#All],2,) -> 45717 | R70: =VLOOKUP(Table1[[#This Row],[Campaign_Name2]],Table3[#All],3,FALSE) -> 45747 | S70: =VLOOKUP(Table1[[#This Row],[Campaign_Name2]],Table3[],5,FALSE) -> 180000 | T70: =IF(Table1[[#This Row],[Campaign_Name2]]="No Campaign", 0, Table1[[#This Row],[Budget]]/COUNTIF(Table1[Campaign_Name2],Table1[[#This Row],[Campaign_Name2]])) -> 5625
A71: P070 | B71: Facebook | C71: 45749 | D71: Video | E71: Check out our latest video on facebook! | F71: 199 | G71: 772 | H71: 400 | I71: 3582 | J71: 2988 | K71: 43 | L71: #PepsiCoRefresh | N71: =SUM(F71,G71,H71) -> 1371 | O71: =IFERROR((Table1[[#This Row],[Likes]]+Table1[[#This Row],[Shares]]+Table1[[#This Row],[Comments]])/Table1[[#This Row],[Impressions]], 0) -> 0.38274707 | P71: {=IFERROR(INDEX('Campaign Metadata (2)'!$A$2:$A$10, MATCH(1, (C71>='Campaign Metadata (2)'!$B$2:$B$10) * (C71<='Campaign Metadata (2)'!$C$2:$C$10), 0)), "No Campaign")} -> No Campaign | Q71: =VLOOKUP(Table1[[#This Row],[Campaign_Name2]],Table3[#All],2,) -> #N/A | R71: =VLOOKUP(Table1[[#This Row],[Campaign_Name2]],Table3[#All],3,FALSE) -> #N/A | S71: =VLOOKUP(Table1[[#This Row],[Campaign_Name2]],Table3[],5,FALSE) -> #N/A | T71: =IF(Table1[[#This Row],[Campaign_Name2]]="No Campaign", 0, Table1[[#This Row],[Budget]]/COUNTIF(Table1[Campaign_Name2],Table1[[#This Row],[Campaign_Name2]])) -> 0
A72: P071 | B72: YouTube | C72: 45537 | D72: Carousel | E72: Check out our latest carousel on youtube! | F72: 2551 | G72: 915 | H72: 205 | I72: 30612 | J72: 30360 | K72: 227 | L72: #PepsiCoRefresh | M72: FestiveRadiance | N72: =SUM(F72,G72,H72) -> 3671 | O72: =IFERROR((Table1[[#This Row],[Likes]]+Table1[[#This Row],[Shares]]+Table1[[#This Row],[Comments]])/Table1[[#This Row],[Impressions]], 0) -> 0.11992029 | P72: {=IFERROR(INDEX('Campaign Metadata (2)'!$A$2:$A$10, MATCH(1, (C72>='Campaign Metadata (2)'!$B$2:$B$10) * (C72<='Campaign Metadata (2)'!$C$2:$C$10), 0)), "No Campaign")} -> No Campaign | Q72: =VLOOKUP(Table1[[#This Row],[Campaign_Name2]],Table3[#All],2,) -> #N/A | R72: =VLOOKUP(Table1[[#This Row],[Campaign_Name2]],Table3[#All],3,FALSE) -> #N/A | S72: =VLOOKUP(Table1[[#This Row],[Campaign_Name2]],Table3[],5,FALSE) -> #N/A | T72: =IF(Table1[[#This Row],[Campaign_Name2]]="No Campaign", 0, Table1[[#This Row],[Budget]]/COUNTIF(Table1[Campaign_Name2],Table1[[#This Row],[Campaign_Name2]])) -> 0
A73: P072 | B73: YouTube | C73: 45719 | D73: Reel | E73: Check out our latest reel on youtube! | F73: 296 | G73: 60 | H73: 141 | I73: 5624 | J73: 5239 | K73: 88 | L73: #ThirstyForMore | M73: FestiveRadiance | N73: =SUM(F73,G73,H73) -> 497 | O73: =IFERROR((Table1[[#This Row],[Likes]]+Table1[[#This Row],[Shares]]+Table1[[#This Row],[Comments]])/Table1[[#This Row],[Impressions]], 0) -> 0.088371266 | P73: {=IFERROR(INDEX('Campaign Metadata (2)'!$A$2:$A$10, MATCH(1, (C73>='Campaign Metadata (2)'!$B$2:$B$10) * (C73<='Campaign Metadata (2)'!$C$2:$C$10), 0)), "No Campaign")} -> DailyWellness | Q73: =VLOOKUP(Table1[[#This Row],[Campaign_Name2]],Table3[#All],2,) -> 45717 | R73: =VLOOKUP(Table1[[#This Row],[Campaign_Name2]],Table3[#All],3,FALSE) -> 45747 | S73: =VLOOKUP(Table1[[#This Row],[Campaign_Name2]],Table3[],5,FALSE) -> 180000 | T73: =IF(Table1[[#This Row],[Campaign_Name2]]="No Campaign", 0, Table1[[#This Row],[Budget]]/COUNTIF(Table1[Campaign_Name2],Table1[[#This Row],[Campaign_Name2]])) -> 5625
A74: P073 | B74: Facebook | C74: 45583 | D74: Story | E74: Check out our latest story on facebook! | F74: 4126 | G74: 426 | H74: 486 | I74: 78394 | J74: 77798 | K74: 88 | L74: #LiveForNow | M74: DailyWellness | N74: =SUM(F74,G74,H74) -> 5038 | O74: =IFERROR((Table1[[#This Row],[Likes]]+Table1[[#This Row],[Shares]]+Table1[[#This Row],[Comments]])/Table1[[#This Row],[Impressions]], 0) -> 0.064265122 | P74: {=IFERROR(INDEX('Campaign Metadata (2)'!$A$2:$A$10, MATCH(1, (C74>='Campaign Metadata (2)'!$B$2:$B$10) * (C74<='Campaign Metadata (2)'!$C$2:$C$10), 0)), "No Campaign")} -> FestiveRadiance | Q74: =VLOOKUP(Table1[[#This Row],[Campaign_Name2]],Table3[#All],2,) -> 45566 | R74: =VLOOKUP(Table1[[#This Row],[Campaign_Name2]],Table3[#All],3,FALSE) -> 45596 | S74: =VLOOKUP(Table1[[#This Row],[Campaign_Name2]],Table3[],5,FALSE) -> 200000 | T74: =IF(Table1[[#This Row],[Campaign_Name2]]="No Campaign", 0, Table1[[#This Row],[Budget]]/COUNTIF(Table1[Campaign_Name2],Table1[[#This Row],[Campaign_Name2]])) -> 5714.2857
A75: P074 | B75: YouTube | C75: 45593 | D75: Reel | E75: Check out our latest reel on youtube! | F75: 1855 | G75: 200 | H75: 174 | I75: 16695 | J75: 16330 | K75: 123 | L75: #PepsiCoRefresh | M75: NewYearRefresh | N75: =SUM(F75,G75,H75) -> 2229 | O75: =IFERROR((Table1[[#This Row],[Likes]]+Table1[[#This Row],[Shares]]+Table1[[#This Row],[Comments]])/Table1[[#This Row],[Impressions]], 0) -> 0.13351303 | P75: {=IFERROR(INDEX('Campaign Metadata (2)'!$A$2:$A$10, MATCH(1, (C75>='Campaign Metadata (2)'!$B$2:$B$10) * (C75<='Campaign Metadata (2)'!$C$2:$C$10), 0)), "No Campaign")} -> FestiveRadiance | Q75: =VLOOKUP(Table1[[#This Row],[Campaign_Name2]],Table3[#All],2,) -> 45566 | R75: =VLOOKUP(Table1[[#This Row],[Campaign_Name2]],Table3[#All],3,FALSE) -> 45596 | S75: =VLOOKUP(Table1[[#This Row],[Campaign_Name2]],Table3[],5,FALSE) -> 200000 | T75: =IF(Table1[[#This Row],[Campaign_Name2]]="No Campaign", 0, Table1[[#This Row],[Budget]]/COUNTIF(Table1[Campaign_Name2],Table1[[#This Row],[Campaign_Name2]])) -> 5714.2857
A76: P075 | B76: Instagram | C76: 45505 | D76: Reel | E76: Check out our latest reel on instagram! | F76: 1674 | G76: 929 | H76: 37 | I76: 21762 | J76: 20998 | K76: 255 | L76: #PepsiCoRefresh | M76: DailyWellness | N76: =SUM(F76,G76,H76) -> 2640 | O76: =IFERROR((Table1[[#This Row],[Likes]]+Table1[[#This Row],[Shares]]+Table1[[#This Row],[Comments]])/Table1[[#This Row],[Impressions]], 0) -> 0.12131238 | P76: {=IFERROR(INDEX('Campaign Metadata (2)'!$A$2:$A$10, MATCH(1, (C76>='Campaign Metadata (2)'!$B$2:$B$10) * (C76<='Campaign Metadata (2)'!$C$2:$C$10), 0)), "No Campaign")} -> No Campaign | Q76: =VLOOKUP(Table1[[#This Row],[Campaign_Name2]],Table3[#All],2,) -> #N/A | R76: =VLOOKUP(Table1[[#This Row],[Campaign_Name2]],Table3[#All],3,FALSE) -> #N/A | S76: =VLOOKUP(Table1[[#This Row],[Campaign_Name2]],Table3[],5,FALSE) -> #N/A | T76: =IF(Table1[[#This Row],[Campaign_Name2]]="No Campaign", 0, Table1[[#This Row],[Budget]]/COUNTIF(Table1[Campaign_Name2],Table1[[#This Row],[Campaign_Name2]])) -> 0
A77: P076 | B77: Twitter | C77: 45603 | D77: Story | E77: Check out our latest story on twitter! | F77: 1121 | G77: 135 | H77: 18 | I77: 15694 | J77: 14957 | K77: 99 | L77: #PepsiCoRefresh | M77: DailyWellness | N77: =SUM(F77,G77,H77) -> 1274 | O77: =IFERROR((Table1[[#This Row],[Likes]]+Table1[[#This Row],[Shares]]+Table1[[#This Row],[Comments]])/Table1[[#This Row],[Impressions]], 0) -> 0.08117752 | P77: {=IFERROR(INDEX('Campaign Metadata (2)'!$A$2:$A$10, MATCH(1, (C77>='Campaign Metadata (2)'!$B$2:$B$10) * (C77<='Campaign Metadata (2)'!$C$2:$C$10), 0)), "No Campaign")} -> No Campaign | Q77: =VLOOKUP(Table1[[#This Row],[Campaign_Name2]],Table3[#All],2,) -> #N/A | R77: =VLOOKUP(Table1[[#This Row],[Campaign_Name2]],Table3[#All],3,FALSE) -> #N/A | S77: =VLOOKUP(Table1[[#This Row],[Campaign_Name2]],Table3[],5,FALSE) -> #N/A | T77: =IF(Table1[[#This Row],[Campaign_Name2]]="No Campaign", 0, Table1[[#This Row],[Budget]]/COUNTIF(Table1[Campaign_Name2],Table1[[#This Row],[Campaign_Name2]])) -> 0
A78: P077 | B78: Facebook | C78: 45720 | D78: Story | E78: Check out our latest story on facebook! | F78: 1249 | G78: 116 | H78: 420 | I78: 8743 | J78: 8538 | K78: 63 | L78: #PepsiCoRefresh | N78: =SUM(F78,G78,H78) -> 1785 | O78: =IFERROR((Table1[[#This Row],[Likes]]+Table1[[#This Row],[Shares]]+Table1[[#This Row],[Comments]])/Table1[[#This Row],[Impressions]], 0) -> 0.20416333 | P78: {=IFERROR(INDEX('Campaign Metadata (2)'!$A$2:$A$10, MATCH(1, (C78>='Campaign Metadata (2)'!$B$2:$B$10) * (C78<='Campaign Metadata (2)'!$C$2:$C$10), 0)), "No Campaign")} -> DailyWellness | Q78: =VLOOKUP(Table1[[#This Row],[Campaign_Name2]],Table3[#All],2,) -> 45717 | R78: =VLOOKUP(Table1[[#This Row],[Campaign_Name2]],Table3[#All],3,FALSE) -> 45747 | S78: =VLOOKUP(Table1[[#This Row],[Campaign_Name2]],Table3[],5,FALSE) -> 180000 | T78: =IF(Table1[[#This Row],[Campaign_Name2]]="No Campaign", 0, Table1[[#This Row],[Budget]]/COUNTIF(Table1[Campaign_Name2],Table1[[#This Row],[Campaign_Name2]])) -> 5625
A79: P078 | B79: Twitter | C79: 45460 | D79: Image | E79: Check out our latest image on twitter! | F79: 954 | G79: 324 | H79: 288 | I79: 19080 | J79: 18859 | K79: 21 | L79: #LiveForNow | M79: DailyWellness | N79: =SUM(F79,G79,H79) -> 1566 | O79: =IFERROR((Table1[[#This Row],[Likes]]+Table1[[#This Row],[Shares]]+Table1[[#This Row],[Comments]])/Table1[[#This Row],[Impressions]], 0) -> 0.082075472 | P79: {=IFERROR(INDEX('Campaign Metadata (2)'!$A$2:$A$10, MATCH(1, (C79>='Campaign Metadata (2)'!$B$2:$B$10) * (C79<='Campaign Metadata (2)'!$C$2:$C$10), 0)), "No Campaign")} -> SummerSplash | Q79: =VLOOKUP(Table1[[#This Row],[Campaign_Name2]],Table3[#All],2,) -> 45458 | R79: =VLOOKUP(Table1[[#This Row],[Campaign_Name2]],Table3[#All],3,FALSE) -> 45488 | S79: =VLOOKUP(Table1[[#This Row],[Campaign_Name2]],Table3[],5,FALSE) -> 150000 | T79: =IF(Table1[[#This Row],[Campaign_Name2]]="No Campaign", 0, Table1[[#This Row],[Budget]]/COUNTIF(Table1[Campaign_Name2],Table1[[#This Row],[Campaign_Name2]])) -> 5555.5556
A80: P079 | B80: Instagram | C80: 45574 | D80: Carousel | E80: Check out our latest carousel on instagram! | F80: 3068 | G80: 137 | H80: 329 | I80: 39884 | J80: 39404 | K80: 266 | L80: #ThirstyForMore | M80: FestiveRadiance | N80: =SUM(F80,G80,H80) -> 3534 | O80: =IFERROR((Table1[[#This Row],[Likes]]+Table1[[#This Row],[Shares]]+Table1[[#This Row],[Comments]])/Table1[[#This Row],[Impressions]], 0) -> 0.08860696 | P80: {=IFERROR(INDEX('Campaign Metadata (2)'!$A$2:$A$10, MATCH(1, (C80>='Campaign Metadata (2)'!$B$2:$B$10) * (C80<='Campaign Metadata (2)'!$C$2:$C$10), 0)), "No Campaign")} -> FestiveRadiance | Q80: =VLOOKUP(Table1[[#This Row],[Campaign_Name2]],Table3[#All],2,) -> 45566 | R80: =VLOOKUP(Table1[[#This Row],[Campaign_Name2]],Table3[#All],3,FALSE) -> 45596 | S80: =VLOOKUP(Table1[[#This Row],[Campaign_Name2]],Table3[],5,FALSE) -> 200000 | T80: =IF(Table1[[#This Row],[Campaign_Name2]]="No Campaign", 0, Table1[[#This Row],[Budget]]/COUNTIF(Table1[Campaign_Name2],Table1[[#This Row],[Campaign_Name2]])) -> 5714.2857
A81: P080 | B81: Instagram | C81: 45456 | D81: Story | E81: Check out our latest story on instagram! | F81: 2103 | G81: 892 | H81: 103 | I81: 39957 | J81: 39466 | K81: 28 | L81: #LiveForNow | N81: =SUM(F81,G81,H81) -> 3098 | O81: =IFERROR((Table1[[#This Row],[Likes]]+Table1[[#This Row],[Shares]]+Table1[[#This Row],[Comments]])/Table1[[#This Row],[Impressions]], 0) -> 0.077533348 | P81: {=IFERROR(INDEX('Campaign Metadata (2)'!$A$2:$A$10, MATCH(1, (C81>='Campaign Metadata (2)'!$B$2:$B$10) * (C81<='Campaign Metadata (2)'!$C$2:$C$10), 0)), "No Campaign")} -> No Campaign | Q81: =VLOOKUP(Table1[[#This Row],[Campaign_Name2]],Table3[#All],2,) -> #N/A | R81: =VLOOKUP(Table1[[#This Row],[Campaign_Name2]],Table3[#All],3,FALSE) -> #N/A | S81: =VLOOKUP(Table1[[#This Row],[Campaign_Name2]],Table3[],5,FALSE) -> #N/A | T81: =IF(Table1[[#This Row],[Campaign_Name2]]="No Campaign", 0, Table1[[#This Row],[Budget]]/COUNTIF(Table1[Campaign_Name2],Table1[[#This Row],[Campaign_Name2]])) -> 0
A82: P081 | B82: Instagram | C82: 45584 | D82: Story | E82: Check out our latest story on instagram! | F82: 1816 | G82: 29 | H82: 41 | I82: 19976 | J82: 19262 | K82: 283 | L82: #PepsiCoRefresh | M82: NewYearRefresh | N82: =SUM(F82,G82,H82) -> 1886 | O82: =IFERROR((Table1[[#This Row],[Likes]]+Table1[[#This Row],[Shares]]+Table1[[#This Row],[Comments]])/Table1[[#This Row],[Impressions]], 0) -> 0.094413296 | P82: {=IFERROR(INDEX('Campaign Metadata (2)'!$A$2:$A$10, MATCH(1, (C82>='Campaign Metadata (2)'!$B$2:$B$10) * (C82<='Campaign Metadata (2)'!$C$2:$C$10), 0)), "No Campaign")} -> FestiveRadiance | Q82: =VLOOKUP(Table1[[#This Row],[Campaign_Name2]],Table3[#All],2,) -> 45566 | R82: =VLOOKUP(Table1[[#This Row],[Campaign_Name2]],Table3[#All],3,FALSE) -> 45596 | S82: =VLOOKUP(Table1[[#This Row],[Campaign_Name2]],Table3[],5,FALSE) -> 200000 | T82: =IF(Table1[[#This Row],[Campaign_Name2]]="No Campaign", 0, Table1[[#This Row],[Budget]]/COUNTIF(Table1[Campaign_Name2],Table1[[#This Row],[Campaign_Name2]])) -> 5714.2857
A83: P082 | B83: Instagram | C83: 45497 | D83: Image | E83: Check out our latest image on instagram! | F83: 725 | G83: 88 | H83: 428 | I83: 14500 | J83: 13637 | K83: 200 | L83: #LiveForNow,#PepsiCoRefresh,#AnytimeIsPepsiTime | M83: NewYearRefresh | N83: =SUM(F83,G83,H83) -> 1241 | O83: =IFERROR((Table1[[#This Row],[Likes]]+Table1[[#This Row],[Shares]]+Table1[[#This Row],[Comments]])/Table1[[#This Row],[Impressions]], 0) -> 0.085586207 | P83: {=IFERROR(INDEX('Campaign Metadata (2)'!$A$2:$A$10, MATCH(1, (C83>='Campaign Metadata (2)'!$B$2:$B$10) * (C83<='Campaign Metadata (2)'!$C$2:$C$10), 0)), "No Campaign")} -> No Campaign | Q83: =VLOOKUP(Table1[[#This Row],[Campaign_Name2]],Table3[#All],2,) -> #N/A | R83: =VLOOKUP(Table1[[#This Row],[Campaign_Name2]],Table3[#All],3,FALSE) -> #N/A | S83: =VLOOKUP(Table1[[#This Row],[Campaign_Name2]],Table3[],5,FALSE) -> #N/A | T83: =IF(Table1[[#This Row],[Campaign_Name2]]="No Campaign", 0, Table1[[#This Row],[Budget]]/COUNTIF(Table1[Campaign_Name2],Table1[[#This Row],[Campaign_Name2]])) -> 0
A84: P083 | B84: YouTube | C84: 45580 | D84: Video | E84: Check out our latest video on youtube! | F84: 1094 | G84: 472 | H84: 21 | I84: 9846 | J84: 9609 | K84: 112 | L84: #ThirstyForMore | N84: =SUM(F84,G84,H84) -> 1587 | O84: =IFERROR((Table1[[#This Row],[Likes]]+Table1[[#This Row],[Shares]]+Table1[[#This Row],[Comments]])/Table1[[#This Row],[Impressions]], 0) -> 0.16118221 | P84: {=IFERROR(INDEX('Campaign Metadata (2)'!$A$2:$A$10, MATCH(1, (C84>='Campaign Metadata (2)'!$B$2:$B$10) * (C84<='Campaign Metadata (2)'!$C$2:$C$10), 0)), "No Campaign")} -> FestiveRadiance | Q84: =VLOOKUP(Table1[[#This Row],[Campaign_Name2]],Table3[#All],2,) -> 45566 | R84: =VLOOKUP(Table1[[#This Row],[Campaign_Name2]],Table3[#All],3,FALSE) -> 45596 | S84: =VLOOKUP(Table1[[#This Row],[Campaign_Name2]],Table3[],5,FALSE) -> 200000 | T84: =IF(Table1[[#This Row],[Campaign_Name2]]="No Campaign", 0, Table1[[#This Row],[Budget]]/COUNTIF(Table1[Campaign_Name2],Table1[[#This Row],[Campaign_Name2]])) -> 5714.2857
A85: P084 | B85: Facebook | C85: 45635 | D85: Image | E85: Check out our latest image on facebook! | F85: 1841 | G85: 851 | H85: 342 | I85: 34979 | J85: 34154 | K85: 255 | L85: #LiveForNow | M85: DailyWellness | N85: =SUM(F85,G85,H85) -> 3034 | O85: =IFERROR((Table1[[#This Row],[Likes]]+Table1[[#This Row],[Shares]]+Table1[[#This Row],[Comments]])/Table1[[#This Row],[Impressions]], 0) -> 0.086737757 | P85: {=IFERROR(INDEX('Campaign Metadata (2)'!$A$2:$A$10, MATCH(1, (C85>='Campaign Metadata (2)'!$B$2:$B$10) * (C85<='Campaign Metadata (2)'!$C$2:$C$10), 0)), "No Campaign")} -> No Campaign | Q85: =VLOOKUP(Table1[[#This Row],[Campaign_Name2]],Table3[#All],2,) -> #N/A | R85: =VLOOKUP(Table1[[#This Row],[Campaign_Name2]],Table3[#All],3,FALSE) -> #N/A | S85: =VLOOKUP(Table1[[#This Row],[Campaign_Name2]],Table3[],5,FALSE) -> #N/A | T85: =IF(Table1[[#This Row],[Campaign_Name2]]="No Campaign", 0, Table1[[#This Row],[Budget]]/COUNTIF(Table1[Campaign_Name2],Table1[[#This Row],[Campaign_Name2]])) -> 0
A86: P085 | B86: Instagram | C86: 45766 | D86: Image | E86: Check out our latest image on instagram! | F86: 4177 | G86: 569 | H86: 55 | I86: 25062 | J86: 24847 | K86: 230 | L86: #LiveForNow | M86: SummerSplash | N86: =SUM(F86,G86,H86) -> 4801 | O86: =IFERROR((Table1[[#This Row],[Likes]]+Table1[[#This Row],[Shares]]+Table1[[#This Row],[Comments]])/Table1[[#This Row],[Impressions]], 0) -> 0.19156492 | P86: {=IFERROR(INDEX('Campaign Metadata (2)'!$A$2:$A$10, MATCH(1, (C86>='Campaign Metadata (2)'!$B$2:$B$10) * (C86<='Campaign Metadata (2)'!$C$2:$C$10), 0)), "No Campaign")} -> No Campaign | Q86: =VLOOKUP(Table1[[#This Row],[Campaign_Name2]],Table3[#All],2,) -> #N/A | R86: =VLOOKUP(Table1[[#This Row],[Campaign_Name2]],Table3[#All],3,FALSE) -> #N/A | S86: =VLOOKUP(Table1[[#This Row],[Campaign_Name2]],Table3[],5,FALSE) -> #N/A | T86: =IF(Table1[[#This Row],[Campaign_Name2]]="No Campaign", 0, Table1[[#This Row],[Budget]]/COUNTIF(Table1[Campaign_Name2],Table1[[#This Row],[Campaign_Name2]])) -> 0
A87: P086 | B87: YouTube | C87: 45684 | D87: Text | E87: Check out our latest text on youtube! | F87: 3428 | G87: 305 | H87: 85 | I87: 58276 | J87: 58052 | K87: 242 | L87: #ThirstyForMore,#BetterWithPepsi | M87: DailyWellness | N87: =SUM(F87,G87,H87) -> 3818 | O87: =IFERROR((Table1[[#This Row],[Likes]]+Table1[[#This Row],[Shares]]+Table1[[#This Row],[Comments]])/Table1[[#This Row],[Impressions]], 0) -> 0.065515821 | P87: {=IFERROR(INDEX('Campaign Metadata (2)'!$A$2:$A$10, MATCH(1, (C87>='Campaign Metadata (2)'!$B$2:$B$10) * (C87<='Campaign Metadata (2)'!$C$2:$C$10), 0)), "No Campaign")} -> No Campaign | Q87: =VLOOKUP(Table1[[#This Row],[Campaign_Name2]],Table3[#All],2,) -> #N/A | R87: =VLOOKUP(Table1[[#This Row],[Campaign_Name2]],Table3[#All],3,FALSE) -> #N/A | S87: =VLOOKUP(Table1[[#This Row],[Campaign_Name2]],Table3[],5,FALSE) -> #N/A | T87: =IF(Table1[[#This Row],[Campaign_Name2]]="No Campaign", 0, Table1[[#This Row],[Budget]]/COUNTIF(Table1[Campaign_Name2],Table1[[#This Row],[Campaign_Name2]])) -> 0
A88: P087 | B88: Twitter | C88: 45449 | D88: Video | E88: Check out our latest video on twitter! | F88: 1436 | G88: 765 | H88: 496 | I88: 12924 | J88: 12701 | K88: 197 | L88: #LiveForNow | M88: NewYearRefresh | N88: =SUM(F88,G88,H88) -> 2697 | O88: =IFERROR((Table1[[#This Row],[Likes]]+Table1[[#This Row],[Shares]]+Table1[[#This Row],[Comments]])/Table1[[#This Row],[Impressions]], 0) -> 0.20868152 | P88: {=IFERROR(INDEX('Campaign Metadata (2)'!$A$2:$A$10, MATCH(1, (C88>='Campaign Metadata (2)'!$B$2:$B$10) * (C88<='Campaign Metadata (2)'!$C$2:$C$10), 0)), "No Campaign")} -> No Campaign | Q88: =VLOOKUP(Table1[[#This Row],[Campaign_Name2]],Table3[#All],2,) -> #N/A | R88: =VLOOKUP(Table1[[#This Row],[Campaign_Name2]],Table3[#All],3,FALSE) -> #N/A | S88: =VLOOKUP(Table1[[#This Row],[Campaign_Name2]],Table3[],5,FALSE) -> #N/A | T88: =IF(Table1[[#This Row],[Campaign_Name2]]="No Campaign", 0, Table1[[#This Row],[Budget]]/COUNTIF(Table1[Campaign_Name2],Table1[[#This Row],[Campaign_Name2]])) -> 0
A89: P088 | B89: Facebook | C89: 45480 | D89: Story | E89: Check out our latest story on facebook! | F89: 302 | G89: 47 | H89: 430 | I89: 5738 | J89: 4890 | K89: 25 | L89: #PepsiCoRefresh | M89: DailyWellness | N89: =SUM(F89,G89,H89) -> 779 | O89: =IFERROR((Table1[[#This Row],[Likes]]+Table1[[#This Row],[Shares]]+Table1[[#This Row],[Comments]])/Table1[[#This Row],[Impressions]], 0) -> 0.13576159 | P89: {=IFERROR(INDEX('Campaign Metadata (2)'!$A$2:$A$10, MATCH(1, (C89>='Campaign Metadata (2)'!$B$2:$B$10) * (C89<='Campaign Metadata (2)'!$C$2:$C$10), 0)), "No Campaign")} -> SummerSplash | Q89: =VLOOKUP(Table1[[#This Row],[Campaign_Name2]],Table3[#All],2,) -> 45458 | R89: =VLOOKUP(Table1[[#This Row],[Campaign_Name2]],Table3[#All],3,FALSE) -> 45488 | S89: =VLOOKUP(Table1[[#This Row],[Campaign_Name2]],Table3[],5,FALSE) -> 150000 | T89: =IF(Table1[[#This Row],[Campaign_Name2]]="No Campaign", 0, Table1[[#This Row],[Budget]]/COUNTIF(Table1[Campaign_Name2],Table1[[#This Row],[Campaign_Name2]])) -> 5555.5556
A90: P089 | B90: Twitter | C90: 45667 | D90: Image | E90: Check out our latest image on twitter! | F90: 2214 | G90: 249 | H90: 152 | I90: 15498 | J90: 14800 | K90: 180 | L90: #ThirstyForMore | N90: =SUM(F90,G90,H90) -> 2615 | O90: =IFERROR((Table1[[#This Row],[Likes]]+Table1[[#This Row],[Shares]]+Table1[[#This Row],[Comments]])/Table1[[#This Row],[Impressions]], 0) -> 0.16873145 | P90: {=IFERROR(INDEX('Campaign Metadata (2)'!$A$2:$A$10, MATCH(1, (C90>='Campaign Metadata (2)'!$B$2:$B$10) * (C90<='Campaign Metadata (2)'!$C$2:$C$10), 0)), "No Campaign")} -> NewYearRefresh | Q90: =VLOOKUP(Table1[[#This Row],[Campaign_Name2]],Table3[#All],2,) -> 45651 | R90: =VLOOKUP(Table1[[#This Row],[Campaign_Name2]],Table3[#All],3,FALSE) -> 45667 | S90: =VLOOKUP(Table1[[#This Row],[Campaign_Name2]],Table3[],5,FALSE) -> 250000 | T90: =IF(Table1[[#This Row],[Campaign_Name2]]="No Campaign", 0, Table1[[#This Row],[Budget]]/COUNTIF(Table1[Campaign_Name2],Table1[[#This Row],[Campaign_Name2]])) -> 25000
A91: P090 | B91: Instagram | C91: 45446 | D91: Image | E91: Check out our latest image on instagram! | F91: 3861 | G91: 960 | H91: 101 | I91: 69498 | J91: 68817 | K91: 297 | L91: #PepsiCoRefresh | M91: DailyWellness | N91: =SUM(F91,G91,H91) -> 4922 | O91: =IFERROR((Table1[[#This Row],[Likes]]+Table1[[#This Row],[Shares]]+Table1[[#This Row],[Comments]])/Table1[[#This Row],[Impressions]], 0) -> 0.070822182 | P91: {=IFERROR(INDEX('Campaign Metadata (2)'!$A$2:$A$10, MATCH(1, (C91>='Campaign Metadata (2)'!$B$2:$B$10) * (C91<='Campaign Metadata (2)'!$C$2:$C$10), 0)), "No Campaign")} -> No Campaign | Q91: =VLOOKUP(Table1[[#This Row],[Campaign_Name2]],Table3[#All],2,) -> #N/A | R91: =VLOOKUP(Table1[[#This Row],[Campaign_Name2]],Table3[#All],3,FALSE) -> #N/A | S91: =VLOOKUP(Table1[[#This Row],[Campaign_Name2]],Table3[],5,FALSE) -> #N/A | T91: =IF(Table1[[#This Row],[Campaign_Name2]]="No Campaign", 0, Table1[[#This Row],[Budget]]/COUNTIF(Table1[Campaign_Name2],Table1[[#This Row],[Campaign_Name2]])) -> 0
A92: P091 | B92: Facebook | C92: 45740 | D92: Image | E92: Check out our latest image on facebook! | F92: 1263 | G92: 397 | H92: 357 | I92: 25260 | J92: 24615 | K92: 137 | L92: #ThirstyForMore | M92: DailyWellness | N92: =SUM(F92,G92,H92) -> 2017 | O92: =IFERROR((Table1[[#This Row],[Likes]]+Table1[[#This Row],[Shares]]+Table1[[#This Row],[Comments]])/Table1[[#This Row],[Impressions]], 0) -> 0.079849565 | P92: {=IFERROR(INDEX('Campaign Metadata (2)'!$A$2:$A$10, MATCH(1, (C92>='Campaign Metadata (2)'!$B$2:$B$10) * (C92<='Campaign Metadata (2)'!$C$2:$C$10), 0)), "No Campaign")} -> DailyWellness | Q92: =VLOOKUP(Table1[[#This Row],[Campaign_Name2]],Table3[#All],2,) -> 45717 | R92: =VLOOKUP(Table1[[#This Row],[Campaign_Name2]],Table3[#All],3,FALSE) -> 45747 | S92: =VLOOKUP(Table1[[#This Row],[Campaign_Name2]],Table3[],5,FALSE) -> 180000 | T92: =IF(Table1[[#This Row],[Campaign_Name2]]="No Campaign", 0, Table1[[#This Row],[Budget]]/COUNTIF(Table1[Campaign_Name2],Table1[[#This Row],[Campaign_Name2]])) -> 5625
A93: P092 | B93: Twitter | C93: 45586 | D93: Story | E93: Check out our latest story on twitter! | F93: 3801 | G93: 967 | H93: 401 | I93: 38010 | J93: 37625 | K93: 236 | L93: #LiveForNow | M93: NewYearRefresh | N93: =SUM(F93,G93,H93) -> 5169 | O93: =IFERROR((Table1[[#This Row],[Likes]]+Table1[[#This Row],[Shares]]+Table1[[#This Row],[Comments]])/Table1[[#This Row],[Impressions]], 0) -> 0.13599053 | P93: {=IFERROR(INDEX('Campaign Metadata (2)'!$A$2:$A$10, MATCH(1, (C93>='Campaign Metadata (2)'!$B$2:$B$10) * (C93<='Campaign Metadata (2)'!$C$2:$C$10), 0)), "No Campaign")} -> FestiveRadiance | Q93: =VLOOKUP(Table1[[#This Row],[Campaign_Name2]],Table3[#All],2,) -> 45566 | R93: =VLOOKUP(Table1[[#This Row],[Campaign_Name2]],Table3[#All],3,FALSE) -> 45596 | S93: =VLOOKUP(Table1[[#This Row],[Campaign_Name2]],Table3[],5,FALSE) -> 200000 | T93: =IF(Table1[[#This Row],[Campaign_Name2]]="No Campaign", 0, Table1[[#This Row],[Budget]]/COUNTIF(Table1[Campaign_Name2],Table1[[#This Row],[Campaign_Name2]])) -> 5714.2857
A94: P093 | B94: Instagram | C94: 45637 | D94: Video | E94: Check out our latest video on instagram! | F94: 1431 | G94: 951 | H94: 26 | I94: 8586 | J94: 8396 | K94: 150 | L94: #ThirstyForMore | M94: NewYearRefresh | N94: =SUM(F94,G94,H94) -> 2408 | O94: =IFERROR((Table1[[#This Row],[Likes]]+Table1[[#This Row],[Shares]]+Table1[[#This Row],[Comments]])/Table1[[#This Row],[Impressions]], 0) -> 0.28045656 | P94: {=IFERROR(INDEX('Campaign Metadata (2)'!$A$2:$A$10, MATCH(1, (C94>='Campaign Metadata (2)'!$B$2:$B$10) * (C94<='Campaign Metadata (2)'!$C$2:$C$10), 0)), "No Campaign")} -> No Campaign | Q94: =VLOOKUP(Table1[[#This Row],[Campaign_Name2]],Table3[#All],2,) -> #N/A | R94: =VLOOKUP(Table1[[#This Row],[Campaign_Name2]],Table3[#All],3,FALSE) -> #N/A | S94: =VLOOKUP(Table1[[#This Row],[Campaign_Name2]],Table3[],5,FALSE) -> #N/A | T94: =IF(Table1[[#This Row],[Campaign_Name2]]="No Campaign", 0, Table1[[#This Row],[Budget]]/COUNTIF(Table1[Campaign_Name2],Table1[[#This Row],[Campaign_Name2]])) -> 0
A95: P094 | B95: Instagram | C95: 45603 | D95: Image | E95: Check out our latest image on instagram! | F95: 2647 | G95: 304 | H95: 170 | I95: 18529 | J95: 17841 | K95: 46 | L95: #LiveForNow | M95: NewYearRefresh | N95: =SUM(F95,G95,H95) -> 3121 | O95: =IFERROR((Table1[[#This Row],[Likes]]+Table1[[#This Row],[Shares]]+Table1[[#This Row],[Comments]])/Table1[[#This Row],[Impressions]], 0) -> 0.16843866 | P95: {=IFERROR(INDEX('Campaign Metadata (2)'!$A$2:$A$10, MATCH(1, (C95>='Campaign Metadata (2)'!$B$2:$B$10) * (C95<='Campaign Metadata (2)'!$C$2:$C$10), 0)), "No Campaign")} -> No Campaign | Q95: =VLOOKUP(Table1[[#This Row],[Campaign_Name2]],Table3[#All],2,) -> #N/A | R95: =VLOOKUP(Table1[[#This Row],[Campaign_Name2]],Table3[#All],3,FALSE) -> #N/A | S95: =VLOOKUP(Table1[[#This Row],[Campaign_Name2]],Table3[],5,FALSE) -> #N/A | T95: =IF(Table1[[#This Row],[Campaign_Name2]]="No Campaign", 0, Table1[[#This Row],[Budget]]/COUNTIF(Table1[Campaign_Name2],Table1[[#This Row],[Campaign_Name2]])) -> 0
A96: P095 | B96: Instagram | C96: 45604 | D96: Text | E96: Check out our latest text on instagram! | F96: 3182 | G96: 559 | H96: 160 | I96: 57276 | J96: 56890 | K96: 163 | L96: #LiveForNow | M96: DailyWellness | N96: =SUM(F96,G96,H96) -> 3901 | O96: =IFERROR((Table1[[#This Row],[Likes]]+Table1[[#This Row],[Shares]]+Table1[[#This Row],[Comments]])/Table1[[#This Row],[Impressions]], 0) -> 0.068108806 | P96: {=IFERROR(INDEX('Campaign Metadata (2)'!$A$2:$A$10, MATCH(1, (C96>='Campaign Metadata (2)'!$B$2:$B$10) * (C96<='Campaign Metadata (2)'!$C$2:$C$10), 0)), "No Campaign")} -> No Campaign | Q96: =VLOOKUP(Table1[[#This Row],[Campaign_Name2]],Table3[#All],2,) -> #N/A | R96: =VLOOKUP(Table1[[#This Row],[Campaign_Name2]],Table3[#All],3,FALSE) -> #N/A | S96: =VLOOKUP(Table1[[#This Row],[Campaign_Name2]],Table3[],5,FALSE) -> #N/A | T96: =IF(Table1[[#This Row],[Campaign_Name2]]="No Campaign", 0, Table1[[#This Row],[Budget]]/COUNTIF(Table1[Campaign_Name2],Table1[[#This Row],[Campaign_Name2]])) -> 0
A97: P096 | B97: Twitter | C97: 45545 | D97: Image | E97: Check out our latest image on twitter! | F97: 1238 | G97: 366 | H97: 444 | I97: 19808 | J97: 19334 | K97: 123 | L97: #LiveForNow | N97: =SUM(F97,G97,H97) -> 2048 | O97: =IFERROR((Table1[[#This Row],[Likes]]+Table1[[#This Row],[Shares]]+Table1[[#This Row],[Comments]])/Table1[[#This Row],[Impressions]], 0) -> 0.10339257 | P97: {=IFERROR(INDEX('Campaign Metadata (2)'!$A$2:$A$10, MATCH(1, (C97>='Campaign Metadata (2)'!$B$2:$B$10) * (C97<='Campaign Metadata (2)'!$C$2:$C$10), 0)), "No Campaign")} -> No Campaign | Q97: =VLOOKUP(Table1[[#This Row],[Campaign_Name2]],Table3[#All],2,) -> #N/A | R97: =VLOOKUP(Table1[[#This Row],[Campaign_Name2]],Table3[#All],3,FALSE) -> #N/A | S97: =VLOOKUP(Table1[[#This Row],[Campaign_Name2]],Table3[],5,FALSE) -> #N/A | T97: =IF(Table1[[#This Row],[Campaign_Name2]]="No Campaign", 0, Table1[[#This Row],[Budget]]/COUNTIF(Table1[Campaign_Name2],Table1[[#This Row],[Campaign_Name2]])) -> 0
A98: P097 | B98: Instagram | C98: 45517 | D98: Image | E98: Check out our latest image on instagram! | F98: 4739 | G98: 527 | H98: 135 | I98: 61607 | J98: 61333 | K98: 36 | L98: #PepsiCoRefresh,#AnytimeIsPepsiTime | M98: FestiveRadiance | N98: =SUM(F98,G98,H98) -> 5401 | O98: =IFERROR((Table1[[#This Row],[Likes]]+Table1[[#This Row],[Shares]]+Table1[[#This Row],[Comments]])/Table1[[#This Row],[Impressions]], 0) -> 0.087668609 | P98: {=IFERROR(INDEX('Campaign Metadata (2)'!$A$2:$A$10, MATCH(1, (C98>='Campaign Metadata (2)'!$B$2:$B$10) * (C98<='Campaign Metadata (2)'!$C$2:$C$10), 0)), "No Campaign")} -> No Campaign | Q98: =VLOOKUP(Table1[[#This Row],[Campaign_Name2]],Table3[#All],2,) -> #N/A | R98: =VLOOKUP(Table1[[#This Row],[Campaign_Name2]],Table3[#All],3,FALSE) -> #N/A | S98: =VLOOKUP(Table1[[#This Row],[Campaign_Name2]],Table3[],5,FALSE) -> #N/A | T98: =IF(Table1[[#This Row],[Campaign_Name2]]="No Campaign", 0, Table1[[#This Row],[Budget]]/COUNTIF(Table1[Campaign_Name2],Table1[[#This Row],[Campaign_Name2]])) -> 0
A99: P098 | B99: Twitter | C99: 45453 | D99: Story | E99: Check out our latest story on twitter! | F99: 1575 | G99: 771 | H99: 486 | I99: 25200 | J99: 24826 | K99: 17 | L99: #LiveForNow | M99: DailyWellness | N99: =SUM(F99,G99,H99) -> 2832 | O99: =IFERROR((Table1[[#This Row],[Likes]]+Table1[[#This Row],[Shares]]+Table1[[#This Row],[Comments]])/Table1[[#This Row],[Impressions]], 0) -> 0.11238095 | P99: {=IFERROR(INDEX('Campaign Metadata (2)'!$A$2:$A$10, MATCH(1, (C99>='Campaign Metadata (2)'!$B$2:$B$10) * (C99<='Campaign Metadata (2)'!$C$2:$C$10), 0)), "No Campaign")} -> No Campaign | Q99: =VLOOKUP(Table1[[#This Row],[Campaign_Name2]],Table3[#All],2,) -> #N/A | R99: =VLOOKUP(Table1[[#This Row],[Campaign_Name2]],Table3[#All],3,FALSE) -> #N/A | S99: =VLOOKUP(Table1[[#This Row],[Campaign_Name2]],Table3[],5,FALSE) -> #N/A | T99: =IF(Table1[[#This Row],[Campaign_Name2]]="No Campaign", 0, Table1[[#This Row],[Budget]]/COUNTIF(Table1[Campaign_Name2],Table1[[#This Row],[Campaign_Name2]])) -> 0
A100: P099 | B100: YouTube | C100: 45475 | D100: Carousel | E100: Check out our latest carousel on youtube! | F100: 4171 | G100: 548 | H100: 86 | I100: 66736 | J100: 66634 | K100: 173 | L100: #LiveForNow | M100: NewYearRefresh | N100: =SUM(F100,G100,H100) -> 4805 | O100: =IFERROR((Table1[[#This Row],[Likes]]+Table1[[#This Row],[Shares]]+Table1[[#This Row],[Comments]])/Table1[[#This Row],[Impressions]], 0) -> 0.07200012 | P100: {=IFERROR(INDEX('Campaign Metadata (2)'!$A$2:$A$10, MATCH(1, (C100>='Campaign Metadata (2)'!$B$2:$B$10) * (C100<='Campaign Metadata (2)'!$C$2:$C$10), 0)), "No Campaign")} -> SummerSplash | Q100: =VLOOKUP(Table1[[#This Row],[Campaign_Name2]],Table3[#All],2,) -> 45458 | R100: =VLOOKUP(Table1[[#This Row],[Campaign_Name2]],Table3[#All],3,FALSE) -> 45488 | S100: =VLOOKUP(Table1[[#This Row],[Campaign_Name2]],Table3[],5,FALSE) -> 150000 | T100: =IF(Table1[[#This Row],[Campaign_Name2]]="No Campaign", 0, Table1[[#This Row],[Budget]]/COUNTIF(Table1[Campaign_Name2],Table1[[#This Row],[Campaign_Name2]])) -> 5555.5556
...

Sheet Clean_Hashtag_Data
A1: Post ID | B1: Platform | C1: Date | D1: Content Type | E1: Post Text | F1: Likes | G1: Shares | H1: Comments | I1: Impressions | J1: Reach | K1: Clicks | L1: Hashtags Used | M1: Campaign_Name | N1: Total Engagement | O1: Engagement Rate | P1: Campaign_Name2 | Q1: Start Date | R1: End Date | S1: Budget
A2: P001 | B2: Twitter | C2: 45649 | D2: Reel | E2: Check out our latest reel on twitter! | F2: 1461 | G2: 184 | H2: 344 | I2: 21915 | J2: 21675 | K2: 15 | L2: #LiveForNow | M2: SummerSplash | N2: 1989 | O2: 0.090759754 | P2: No Campaign
A3: P001 | B3: Twitter | C3: 45649 | D3: Reel | E3: Check out our latest reel on twitter! | F3: 1461 | G3: 184 | H3: 344 | I3: 21915 | J3: 21675 | K3: 15 | L3: #AnytimeIsPepsiTime | M3: SummerSplash | N3: 1989 | O3: 0.090759754 | P3: No Campaign
A4: P002 | B4: Twitter | C4: 45750 | D4: Text | E4: Check out our latest text on twitter! | F4: 4054 | G4: 389 | H4: 493 | I4: 64864 | J4: 64383 | K4: 117 | L4: #PepsiCoRefresh | M4: FestiveRadiance | N4: 4936 | O4: 0.076097681 | P4: No Campaign
A5: P002 | B5: Twitter | C5: 45750 | D5: Text | E5: Check out our latest text on twitter! | F5: 4054 | G5: 389 | H5: 493 | I5: 64864 | J5: 64383 | K5: 117 | L5: #BetterWithPepsi | M5: FestiveRadiance | N5: 4936 | O5: 0.076097681 | P5: No Campaign
A6: P003 | B6: YouTube | C6: 45789 | D6: Reel | E6: Check out our latest reel on youtube! | F6: 2795 | G6: 105 | H6: 49 | I6: 53105 | J6: 52307 | K6: 204 | L6: #PepsiCoRefresh | M6: NewYearRefresh | N6: 2949 | O6: 0.055531494 | P6: No Campaign
A7: P004 | B7: Instagram | C7: 45516 | D7: Story | E7: Check out our latest story on instagram! | F7: 2404 | G7: 363 | H7: 138 | I7: 19232 | J7: 18636 | K7: 128 | L7: #ThirstyForMore | M7: DailyWellness | N7: 2905 | O7: 0.15105033 | P7: No Campaign
A8: P005 | B8: YouTube | C8: 45469 | D8: Reel | E8: Check out our latest reel on youtube! | F8: 3557 | G8: 687 | H8: 424 | I8: 71140 | J8: 70701 | K8: 224 | L8: #ThirstyForMore | M8: SummerSplash | N8: 4668 | O8: 0.065617093 | P8: SummerSplash | Q8: 45458 | R8: 45488 | S8: 150000
A9: P005 | B9: YouTube | C9: 45469 | D9: Reel | E9: Check out our latest reel on youtube! | F9: 3557 | G9: 687 | H9: 424 | I9: 71140 | J9: 70701 | K9: 224 | L9: #PepsiCoRefresh | M9: SummerSplash | N9: 4668 | O9: 0.065617093 | P9: SummerSplash | Q9: 45458 | R9: 45488 | S9: 150000
A10: P006 | B10: Facebook | C10: 45596 | D10: Carousel | E10: Check out our latest carousel on facebook! | F10: 2945 | G10: 930 | H10: 355 | I10: 23560 | J10: 23275 | K10: 256 | L10: #PepsiCoRefresh | M10: FestiveRadiance | N10: 4230 | O10: 0.1795416 | P10: FestiveRadiance | Q10: 45566 | R10: 45596 | S10: 200000
A11: P007 | B11: Twitter | C11: 45467 | D11: Carousel | E11: Check out our latest carousel on twitter! | F11: 3860 | G11: 201 | H11: 279 | I11: 61760 | J11: 61660 | K11: 235 | L11: #PepsiCoRefresh | M11: FestiveRadiance | N11: 4340 | O11: 0.070272021 | P11: SummerSplash | Q11: 45458 | R11: 45488 | S11: 150000
A12: P008 | B12: YouTube | C12: 45486 | D12: Image | E12: Check out our latest image on youtube! | F12: 3929 | G12: 262 | H12: 278 | I12: 43219 | J12: 42841 | K12: 39 | L12: #ThirstyForMore | M12: DailyWellness | N12: 4469 | O12: 0.1034036 | P12: SummerSplash | Q12: 45458 | R12: 45488 | S12: 150000
A13: P009 | B13: Facebook | C13: 45534 | D13: Text | E13: Check out our latest text on facebook! | F13: 3784 | G13: 808 | H13: 404 | I13: 56760 | J13: 56343 | K13: 131 | L13: #PepsiCoRefresh | M13: FestiveRadiance | N13: 4996 | O13: 0.088019732 | P13: No Campaign
A14: P010 | B14: Facebook | C14: 45727 | D14: Image | E14: Check out our latest image on facebook! | F14: 4241 | G14: 902 | H14: 47 | I14: 72097 | J14: 71598 | K14: 167 | L14: #PepsiCoRefresh | M14: FestiveRadiance | N14: 5190 | O14: 0.071986352 | P14: DailyWellness | Q14: 45717 | R14: 45747 | S14: 180000
A15: P011 | B15: Instagram | C15: 45690 | D15: Story | E15: Check out our latest story on instagram! | F15: 1792 | G15: 614 | H15: 497 | I15: 25088 | J15: 24675 | K15: 65 | L15: #LiveForNow | M15: DailyWellness | N15: 2903 | O15: 0.11571269 | P15: No Campaign
A16: P012 | B16: Facebook | C16: 45494 | D16: Reel | E16: Check out our latest reel on facebook! | F16: 1946 | G16: 686 | H16: 377 | I16: 23352 | J16: 22982 | K16: 213 | L16: #LiveForNow | M16: NewYearRefresh | N16: 3009 | O16: 0.12885406 | P16: No Campaign
A17: P013 | B17: YouTube | C17: 45614 | D17: Carousel | E17: Check out our latest carousel on youtube! | F17: 1171 | G17: 286 | H17: 231 | I17: 22249 | J17: 21282 | K17: 114 | L17: #ThirstyForMore | M17: SummerSplash | N17: 1688 | O17: 0.075868578 | P17: No Campaign
A18: P014 | B18: Facebook | C18: 45704 | D18: Story | E18: Check out our latest story on facebook! | F18: 4242 | G18: 555 | H18: 131 | I18: 33936 | J18: 33802 | K18: 265 | L18: #LiveForNow | N18: 4928 | O18: 0.14521452 | P18: No Campaign
A19: P015 | B19: Facebook | C19: 45589 | D19: Video | E19: Check out our latest video on facebook! | F19: 3888 | G19: 604 | H19: 128 | I19: 77760 | J19: 77167 | K19: 20 | L19: #LiveForNow | M19: SummerSplash | N19: 4620 | O19: 0.05941358 | P19: FestiveRadiance | Q19: 45566 | R19: 45596 | S19: 200000
A20: P016 | B20: Facebook | C20: 45530 | D20: Text | E20: Check out our latest text on facebook! | F20: 3452 | G20: 377 | H20: 360 | I20: 55232 | J20: 55075 | K20: 87 | L20: #LiveForNow | M20: NewYearRefresh | N20: 4189 | O20: 0.075843714 | P20: No Campaign
A21: P017 | B21: Facebook | C21: 45782 | D21: Text | E21: Check out our latest text on facebook! | F21: 4441 | G21: 511 | H21: 70 | I21: 53292 | J21: 53082 | K21: 159 | L21: #ThirstyForMore | M21: DailyWellness | N21: 5022 | O21: 0.094235533 | P21: No Campaign
A22: P018 | B22: Instagram | C22: 45523 | D22: Reel | E22: Check out our latest reel on instagram! | F22: 3000 | G22: 382 | H22: 325 | I22: 36000 | J22: 35819 | K22: 19 | L22: #LiveForNow | M22: SummerSplash | N22: 3707 | O22: 0.10297222 | P22: No Campaign
A23: P019 | B23: Instagram | C23: 45466 | D23: Video | E23: Check out our latest video on instagram! | F23: 1071 | G23: 519 | H23: 22 | I23: 16065 | J23: 15865 | K23: 103 | L23: #PepsiCoRefresh | M23: DailyWellness | N23: 1612 | O23: 0.10034236 | P23: SummerSplash | Q23: 45458 | R23: 45488 | S23: 150000
A24: P020 | B24: Instagram | C24: 45544 | D24: Carousel | E24: Check out our latest carousel on instagram! | F24: 4054 | G24: 488 | H24: 373 | I24: 77026 | J24: 76881 | K24: 25 | L24: #PepsiCoRefresh | M24: SummerSplash | N24: 4915 | O24: 0.063809623 | P24: No Campaign
A25: P021 | B25: Instagram | C25: 45661 | D25: Reel | E25: Check out our latest reel on instagram! | F25: 4838 | G25: 640 | H25: 128 | I25: 72570 | J25: 72396 | K25: 83 | L25: #LiveForNow | M25: DailyWellness | N25: 5606 | O25: 0.077249552 | P25: NewYearRefresh | Q25: 45651 | R25: 45667 | S25: 250000
A26: P022 | B26: Facebook | C26: 45715 | D26: Text | E26: Check out our latest text on facebook! | F26: 1570 | G26: 187 | H26: 260 | I26: 25120 | J26: 24613 | K26: 133 | L26: #PepsiCoRefresh | M26: DailyWellness | N26: 2017 | O26: 0.080294586 | P26: No Campaign
A27: P023 | B27: Facebook | C27: 45602 | D27: Video | E27: Check out our latest video on facebook! | F27: 1606 | G27: 547 | H27: 316 | I27: 32120 | J27: 31736 | K27: 225 | L27: #PepsiCoRefresh | M27: FestiveRadiance | N27: 2469 | O27: 0.076867995 | P27: No Campaign
A28: P023 | B28: Facebook | C28: 45602 | D28: Video | E28: Check out our latest video on facebook! | F28: 1606 | G28: 547 | H28: 316 | I28: 32120 | J28: 31736 | K28: 225 | L28: #AnytimeIsPepsiTime | M28: FestiveRadiance | N28: 2469 | O28: 0.076867995 | P28: No Campaign
A29: P024 | B29: Facebook | C29: 45680 | D29: Video | E29: Check out our latest video on facebook! | F29: 3961 | G29: 761 | H29: 131 | I29: 67337 | J29: 66615 | K29: 161 | L29: #LiveForNow | M29: NewYearRefresh | N29: 4853 | O29: 0.072070333 | P29: No Campaign
A30: P025 | B30: Twitter | C30: 45757 | D30: Carousel | E30: Check out our latest carousel on twitter! | F30: 3128 | G30: 211 | H30: 197 | I30: 59432 | J30: 59182 | K30: 238 | L30: #ThirstyForMore | N30: 3536 | O30: 0.059496568 | P30: No Campaign
A31: P026 | B31: YouTube | C31: 45752 | D31: Reel | E31: Check out our latest reel on youtube! | F31: 3009 | G31: 413 | H31: 358 | I31: 42126 | J31: 41309 | K31: 211 | L31: #LiveForNow | M31: FestiveRadiance | N31: 3780 | O31: 0.089730808 | P31: No Campaign
A32: P027 | B32: YouTube | C32: 45552 | D32: Text | E32: Check out our latest text on youtube! | F32: 2076 | G32: 195 | H32: 104 | I32: 33216 | J32: 32244 | K32: 51 | L32: #LiveForNow | M32: DailyWellness | N32: 2375 | O32: 0.071501686 | P32: No Campaign
A33: P028 | B33: Instagram | C33: 45720 | D33: Video | E33: Check out our latest video on instagram! | F33: 432 | G33: 624 | H33: 123 | I33: 6912 | J33: 6259 | K33: 79 | L33: #LiveForNow | M33: DailyWellness | N33: 1179 | O33: 0.17057292 | P33: DailyWellness | Q33: 45717 | R33: 45747 | S33: 180000
A34: P029 | B34: Instagram | C34: 45688 | D34: Carousel | E34: Check out our latest carousel on instagram! | F34: 2566 | G34: 118 | H34: 37 | I34: 12830 | J34: 12264 | K34: 221 | L34: #LiveForNow | M34: NewYearRefresh | N34: 2721 | O34: 0.21208106 | P34: No Campaign
A35: P030 | B35: Instagram | C35: 45713 | D35: Video | E35: Check out our latest video on instagram! | F35: 3095 | G35: 39 | H35: 78 | I35: 55710 | J35: 54808 | K35: 93 | L35: #ThirstyForMore | N35: 3212 | O35: 0.057655717 | P35: No Campaign
A36: P031 | B36: Instagram | C36: 45642 | D36: Text | E36: Check out our latest text on instagram! | F36: 438 | G36: 153 | H36: 275 | I36: 3066 | J36: 2701 | K36: 282 | L36: #PepsiCoRefresh | M36: FestiveRadiance | N36: 866 | O36: 0.28245271 | P36: No Campaign
A37: P032 | B37: Twitter | C37: 45504 | D37: Carousel | E37: Check out our latest carousel on twitter! | F37: 2278 | G37: 10 | H37: 321 | I37: 13668 | J37: 12676 | K37: 275 | L37: #ThirstyForMore | M37: SummerSplash | N37: 2609 | O37: 0.19088382 | P37: No Campaign
A38: P033 | B38: Facebook | C38: 45525 | D38: Image | E38: Check out our latest image on facebook! | F38: 1407 | G38: 400 | H38: 351 | I38: 16884 | J38: 15954 | K38: 113 | L38: #PepsiCoRefresh | M38: SummerSplash | N38: 2158 | O38: 0.12781331 | P38: No Campaign
A39: P034 | B39: Facebook | C39: 45742 | D39: Text | E39: Check out our latest text on facebook! | F39: 1652 | G39: 89 | H39: 357 | I39: 29736 | J39: 28771 | K39: 215 | L39: #PepsiCoRefresh | M39: NewYearRefresh | N39: 2098 | O39: 0.07055421 | P39: DailyWellness | Q39: 45717 | R39: 45747 | S39: 180000
A40: P035 | B40: Instagram | C40: 45626 | D40: Video | E40: Check out our latest video on instagram! | F40: 3775 | G40: 16 | H40: 239 | I40: 33975 | J40: 33310 | K40: 271 | L40: #LiveForNow | M40: FestiveRadiance | N40: 4030 | O40: 0.11861663 | P40: No Campaign
A41: P036 | B41: Instagram | C41: 45766 | D41: Story | E41: Check out our latest story on instagram! | F41: 4518 | G41: 285 | H41: 383 | I41: 67770 | J41: 67621 | K41: 31 | L41: #ThirstyForMore | M41: FestiveRadiance | N41: 5186 | O41: 0.076523535 | P41: No Campaign
A42: P037 | B42: Facebook | C42: 45663 | D42: Carousel | E42: Check out our latest carousel on facebook! | F42: 3024 | G42: 925 | H42: 350 | I42: 24192 | J42: 23518 | K42: 36 | L42: #ThirstyForMore | M42: FestiveRadiance | N42: 4299 | O42: 0.17770337 | P42: NewYearRefresh | Q42: 45651 | R42: 45667 | S42: 250000
A43: P038 | B43: YouTube | C43: 45705 | D43: Reel | E43: Check out our latest reel on youtube! | F43: 3138 | G43: 123 | H43: 291 | I43: 28242 | J43: 27550 | K43: 87 | L43: #PepsiCoRefresh | M43: DailyWellness | N43: 3552 | O43: 0.12577013 | P43: No Campaign
A44: P039 | B44: Facebook | C44: 45621 | D44: Image | E44: Check out our latest image on facebook! | F44: 3564 | G44: 629 | H44: 177 | I44: 60588 | J44: 59627 | K44: 92 | L44: #PepsiCoRefresh | N44: 4370 | O44: 0.072126494 | P44: No Campaign
A45: P040 | B45: Twitter | C45: 45723 | D45: Image | E45: Check out our latest image on twitter! | F45: 4750 | G45: 151 | H45: 415 | I45: 38000 | J45: 37792 | K45: 299 | L45: #ThirstyForMore | M45: DailyWellness | N45: 5316 | O45: 0.13989474 | P45: DailyWellness | Q45: 45717 | R45: 45747 | S45: 180000
A46: P041 | B46: Instagram | C46: 45724 | D46: Reel | E46: Check out our latest reel on instagram! | F46: 456 | G46: 629 | H46: 428 | I46: 8208 | J46: 7377 | K46: 205 | L46: #LiveForNow | M46: DailyWellness | N46: 1513 | O46: 0.18433236 | P46: DailyWellness | Q46: 45717 | R46: 45747 | S46: 180000
A47: P042 | B47: YouTube | C47: 45721 | D47: Reel | E47: Check out our latest reel on youtube! | F47: 1543 | G47: 820 | H47: 333 | I47: 12344 | J47: 11496 | K47: 241 | L47: #ThirstyForMore | N47: 2696 | O47: 0.2184057 | P47: DailyWellness | Q47: 45717 | R47: 45747 | S47: 180000
A48: P043 | B48: Instagram | C48: 45640 | D48: Carousel | E48: Check out our latest carousel on instagram! | F48: 2174 | G48: 658 | H48: 15 | I48: 13044 | J48: 12206 | K48: 137 | L48: #PepsiCoRefresh | M48: NewYearRefresh | N48: 2847 | O48: 0.21826127 | P48: No Campaign
A49: P044 | B49: Twitter | C49: 45718 | D49: Image | E49: Check out our latest image on twitter! | F49: 2358 | G49: 784 | H49: 344 | I49: 35370 | J49: 34475 | K49: 216 | L49: #PepsiCoRefresh | N49: 3486 | O49: 0.0985581 | P49: DailyWellness | Q49: 45717 | R49: 45747 | S49: 180000
A50: P045 | B50: Facebook | C50: 45597 | D50: Video | E50: Check out our latest video on facebook! | F50: 3371 | G50: 106 | H50: 327 | I50: 50565 | J50: 49816 | K50: 176 | L50: #LiveForNow | M50: SummerSplash | N50: 3804 | O50: 0.075229902 | P50: No Campaign
A51: P046 | B51: Twitter | C51: 45779 | D51: Video | E51: Check out our latest video on twitter! | F51: 1108 | G51: 177 | H51: 212 | I51: 8864 | J51: 8710 | K51: 97 | L51: #PepsiCoRefresh | M51: DailyWellness | N51: 1497 | O51: 0.16888538 | P51: No Campaign
A52: P047 | B52: Twitter | C52: 45712 | D52: Carousel | E52: Check out our latest carousel on twitter! | F52: 2704 | G52: 752 | H52: 153 | I52: 21632 | J52: 20792 | K52: 127 | L52: #LiveForNow | N52: 3609 | O52: 0.16683617 | P52: No Campaign
A53: P048 | B53: Twitter | C53: 45727 | D53: Story | E53: Check out our latest story on twitter! | F53: 1950 | G53: 295 | H53: 478 | I53: 37050 | J53: 36272 | K53: 119 | L53: #PepsiCoRefresh | N53: 2723 | O53: 0.073495277 | P53: DailyWellness | Q53: 45717 | R53: 45747 | S53: 180000
A54: P049 | B54: Twitter | C54: 45453 | D54: Story | E54: Check out our latest story on twitter! | F54: 2164 | G54: 549 | H54: 274 | I54: 28132 | J54: 27361 | K54: 177 | L54: #PepsiCoRefresh | M54: DailyWellness | N54: 2987 | O54: 0.10617802 | P54: No Campaign
A55: P050 | B55: YouTube | C55: 45476 | D55: Story | E55: Check out our latest story on youtube! | F55: 2754 | G55: 130 | H55: 90 | I55: 22032 | J55: 21288 | K55: 112 | L55: #PepsiCoRefresh | M55: NewYearRefresh | N55: 2974 | O55: 0.13498548 | P55: SummerSplash | Q55: 45458 | R55: 45488 | S55: 150000
A56: P051 | B56: Facebook | C56: 45456 | D56: Carousel | E56: Check out our latest carousel on facebook! | F56: 2200 | G56: 504 | H56: 239 | I56: 37400 | J56: 36938 | K56: 225 | L56: #LiveForNow | M56: FestiveRadiance | N56: 2943 | O56: 0.07868984 | P56: No Campaign
A57: P052 | B57: Facebook | C57: 45660 | D57: Image | E57: Check out our latest image on facebook! | F57: 947 | G57: 338 | H57: 350 | I57: 10417 | J57: 9730 | K57: 34 | L57: #PepsiCoRefresh | M57: DailyWellness | N57: 1635 | O57: 0.15695498 | P57: NewYearRefresh | Q57: 45651 | R57: 45667 | S57: 250000
A58: P053 | B58: YouTube | C58: 45712 | D58: Carousel | E58: Check out our latest carousel on youtube! | F58: 804 | G58: 639 | H58: 43 | I58: 4020 | J58: 3144 | K58: 11 | L58: #ThirstyForMore | N58: 1486 | O58: 0.36965174 | P58: No Campaign
A59: P053 | B59: YouTube | C59: 45712 | D59: Carousel | E59: Check out our latest carousel on youtube! | F59: 804 | G59: 639 | H59: 43 | I59: 4020 | J59: 3144 | K59: 11 | L59: #BetterWithPepsi | N59: 1486 | O59: 0.36965174 | P59: No Campaign
A60: P054 | B60: YouTube | C60: 45729 | D60: Carousel | E60: Check out our latest carousel on youtube! | F60: 1686 | G60: 904 | H60: 472 | I60: 18546 | J60: 18171 | K60: 52 | L60: #LiveForNow | M60: FestiveRadiance | N60: 3062 | O60: 0.16510299 | P60: DailyWellness | Q60: 45717 | R60: 45747 | S60: 180000
A61: P055 | B61: Facebook | C61: 45460 | D61: Image | E61: Check out our latest image on facebook! | F61: 1226 | G61: 119 | H61: 7 | I61: 14712 | J61: 14049 | K61: 123 | L61: #ThirstyForMore | M61: DailyWellness | N61: 1352 | O61: 0.091897771 | P61: SummerSplash | Q61: 45458 | R61: 45488 | S61: 150000
A62: P056 | B62: Facebook | C62: 45644 | D62: Carousel | E62: Check out our latest carousel on facebook! | F62: 2946 | G62: 498 | H62: 367 | I62: 29460 | J62: 28527 | K62: 60 | L62: #LiveForNow | M62: NewYearRefresh | N62: 3811 | O62: 0.12936185 | P62: No Campaign
A63: P057 | B63: Twitter | C63: 45586 | D63: Video | E63: Check out our latest video on twitter! | F63: 2825 | G63: 535 | H63: 295 | I63: 45200 | J63: 44739 | K63: 169 | L63: #PepsiCoRefresh | M63: SummerSplash | N63: 3655 | O63: 0.080862832 | P63: FestiveRadiance | Q63: 45566 | R63: 45596 | S63: 200000
A64: P058 | B64: Instagram | C64: 45762 | D64: Reel | E64: Check out our latest reel on instagram! | F64: 103 | G64: 770 | H64: 19 | I64: 1030 | J64: 410 | K64: 262 | L64: #PepsiCoRefresh | M64: DailyWellness | N64: 892 | O64: 0.86601942 | P64: No Campaign
A65: P059 | B65: Instagram | C65: 45465 | D65: Text | E65: Check out our latest text on instagram! | F65: 2180 | G65: 263 | H65: 387 | I65: 30520 | J65: 30059 | K65: 174 | L65: #ThirstyForMore | N65: 2830 | O65: 0.092726081 | P65: SummerSplash | Q65: 45458 | R65: 45488 | S65: 150000
A66: P060 | B66: Instagram | C66: 45685 | D66: Video | E66: Check out our latest video on instagram! | F66: 904 | G66: 973 | H66: 63 | I66: 11752 | J66: 11580 | K66: 84 | L66: #ThirstyForMore | M66: NewYearRefresh | N66: 1940 | O66: 0.16507828 | P66: No Campaign
A67: P060 | B67: Instagram | C67: 45685 | D67: Video | E67: Check out our latest video on instagram! | F67: 904 | G67: 973 | H67: 63 | I67: 11752 | J67: 11580 | K67: 84 | L67: #PepsiCoRefresh | M67: NewYearRefresh | N67: 1940 | O67: 0.16507828 | P67: No Campaign
A68: P060 | B68: Instagram | C68: 45685 | D68: Video | E68: Check out our latest video on instagram! | F68: 904 | G68: 973 | H68: 63 | I68: 11752 | J68: 11580 | K68: 84 | L68: #AnytimeIsPepsiTime | M68: NewYearRefresh | N68: 1940 | O68: 0.16507828 | P68: No Campaign
A69: P061 | B69: Twitter | C69: 45540 | D69: Video | E69: Check out our latest video on twitter! | F69: 4886 | G69: 983 | H69: 409 | I69: 43974 | J69: 43239 | K69: 65 | L69: #PepsiCoRefresh | M69: SummerSplash | N69: 6278 | O69: 0.14276618 | P69: No Campaign
A70: P062 | B70: Twitter | C70: 45618 | D70: Carousel | E70: Check out our latest carousel on twitter! | F70: 53 | G70: 81 | H70: 379 | I70: 954 | J70: 7 | K70: 148 | L70: #PepsiCoRefresh | M70: NewYearRefresh | N70: 513 | O70: 0.53773585 | P70: No Campaign
A71: P063 | B71: Twitter | C71: 45504 | D71: Carousel | E71: Check out our latest carousel on twitter! | F71: 4507 | G71: 217 | H71: 13 | I71: 90140 | J71: 89591 | K71: 125 | L71: #LiveForNow | M71: NewYearRefresh | N71: 4737 | O71: 0.052551586 | P71: No Campaign
A72: P064 | B72: Facebook | C72: 45521 | D72: Image | E72: Check out our latest image on facebook! | F72: 2878 | G72: 248 | H72: 416 | I72: 43170 | J72: 42667 | K72: 75 | L72: #LiveForNow | M72: NewYearRefresh | N72: 3542 | O72: 0.082047718 | P72: No Campaign
A73: P065 | B73: Instagram | C73: 45744 | D73: Story | E73: Check out our latest story on instagram! | F73: 1881 | G73: 501 | H73: 99 | I73: 20691 | J73: 19987 | K73: 289 | L73: #ThirstyForMore | N73: 2481 | O73: 0.11990721 | P73: DailyWellness | Q73: 45717 | R73: 45747 | S73: 180000
A74: P066 | B74: Twitter | C74: 45499 | D74: Carousel | E74: Check out our latest carousel on twitter! | F74: 432 | G74: 171 | H74: 280 | I74: 3024 | J74: 2285 | K74: 184 | L74: #ThirstyForMore | M74: SummerSplash | N74: 883 | O74: 0.29199735 | P74: No Campaign
A75: P067 | B75: Facebook | C75: 45745 | D75: Carousel | E75: Check out our latest carousel on facebook! | F75: 4712 | G75: 568 | H75: 127 | I75: 84816 | J75: 84691 | K75: 100 | L75: #ThirstyForMore | M75: NewYearRefresh | N75: 5407 | O75: 0.063749764 | P75: DailyWellness | Q75: 45717 | R75: 45747 | S75: 180000
A76: P068 | B76: Instagram | C76: 45634 | D76: Story | E76: Check out our latest story on instagram! | F76: 2610 | G76: 126 | H76: 288 | I76: 15660 | J76: 15145 | K76: 73 | L76: #ThirstyForMore | N76: 3024 | O76: 0.19310345 | P76: No Campaign
A77: P069 | B77: Twitter | C77: 45724 | D77: Text | E77: Check out our latest text on twitter! | F77: 1292 | G77: 626 | H77: 496 | I77: 25840 | J77: 24916 | K77: 149 | L77: #LiveForNow | M77: NewYearRefresh | N77: 2414 | O77: 0.093421053 | P77: DailyWellness | Q77: 45717 | R77: 45747 | S77: 180000
A78: P070 | B78: Facebook | C78: 45749 | D78: Video | E78: Check out our latest video on facebook! | F78: 199 | G78: 772 | H78: 400 | I78: 3582 | J78: 2988 | K78: 43 | L78: #PepsiCoRefresh | N78: 1371 | O78: 0.38274707 | P78: No Campaign
A79: P071 | B79: YouTube | C79: 45537 | D79: Carousel | E79: Check out our latest carousel on youtube! | F79: 2551 | G79: 915 | H79: 205 | I79: 30612 | J79: 30360 | K79: 227 | L79: #PepsiCoRefresh | M79: FestiveRadiance | N79: 3671 | O79: 0.11992029 | P79: No Campaign
A80: P072 | B80: YouTube | C80: 45719 | D80: Reel | E80: Check out our latest reel on youtube! | F80: 296 | G80: 60 | H80: 141 | I80: 5624 | J80: 5239 | K80: 88 | L80: #ThirstyForMore | M80: FestiveRadiance | N80: 497 | O80: 0.088371266 | P80: DailyWellness | Q80: 45717 | R80: 45747 | S80: 180000
A81: P073 | B81: Facebook | C81: 45583 | D81: Story | E81: Check out our latest story on facebook! | F81: 4126 | G81: 426 | H81: 486 | I81: 78394 | J81: 77798 | K81: 88 | L81: #LiveForNow | M81: DailyWellness | N81: 5038 | O81: 0.064265122 | P81: FestiveRadiance | Q81: 45566 | R81: 45596 | S81: 200000
A82: P074 | B82: YouTube | C82: 45593 | D82: Reel | E82: Check out our latest reel on youtube! | F82: 1855 | G82: 200 | H82: 174 | I82: 16695 | J82: 16330 | K82: 123 | L82: #PepsiCoRefresh | M82: NewYearRefresh | N82: 2229 | O82: 0.13351303 | P82: FestiveRadiance | Q82: 45566 | R82: 45596 | S82: 200000
A83: P075 | B83: Instagram | C83: 45505 | D83: Reel | E83: Check out our latest reel on instagram! | F83: 1674 | G83: 929 | H83: 37 | I83: 21762 | J83: 20998 | K83: 255 | L83: #PepsiCoRefresh | M83: DailyWellness | N83: 2640 | O83: 0.12131238 | P83: No Campaign
A84: P076 | B84: Twitter | C84: 45603 | D84: Story | E84: Check out our latest story on twitter! | F84: 1121 | G84: 135 | H84: 18 | I84: 15694 | J84: 14957 | K84: 99 | L84: #PepsiCoRefresh | M84: DailyWellness | N84: 1274 | O84: 0.08117752 | P84: No Campaign
A85: P077 | B85: Facebook | C85: 45720 | D85: Story | E85: Check out our latest story on facebook! | F85: 1249 | G85: 116 | H85: 420 | I85: 8743 | J85: 8538 | K85: 63 | L85: #PepsiCoRefresh | N85: 1785 | O85: 0.20416333 | P85: DailyWellness | Q85: 45717 | R85: 45747 | S85: 180000
A86: P078 | B86: Twitter | C86: 45460 | D86: Image | E86: Check out our latest image on twitter! | F86: 954 | G86: 324 | H86: 288 | I86: 19080 | J86: 18859 | K86: 21 | L86: #LiveForNow | M86: DailyWellness | N86: 1566 | O86: 0.082075472 | P86: SummerSplash | Q86: 45458 | R86: 45488 | S86: 150000
A87: P079 | B87: Instagram | C87: 45574 | D87: Carousel | E87: Check out our latest carousel on instagram! | F87: 3068 | G87: 137 | H87: 329 | I87: 39884 | J87: 39404 | K87: 266 | L87: #ThirstyForMore | M87: FestiveRadiance | N87: 3534 | O87: 0.08860696 | P87: FestiveRadiance | Q87: 45566 | R87: 45596 | S87: 200000
A88: P080 | B88: Instagram | C88: 45456 | D88: Story | E88: Check out our latest story on instagram! | F88: 2103 | G88: 892 | H88: 103 | I88: 39957 | J88: 39466 | K88: 28 | L88: #LiveForNow | N88: 3098 | O88: 0.077533348 | P88: No Campaign
A89: P081 | B89: Instagram | C89: 45584 | D89: Story | E89: Check out our latest story on instagram! | F89: 1816 | G89: 29 | H89: 41 | I89: 19976 | J89: 19262 | K89: 283 | L89: #PepsiCoRefresh | M89: NewYearRefresh | N89: 1886 | O89: 0.094413296 | P89: FestiveRadiance | Q89: 45566 | R89: 45596 | S89: 200000
A90: P082 | B90: Instagram | C90: 45497 | D90: Image | E90: Check out our latest image on instagram! | F90: 725 | G90: 88 | H90: 428 | I90: 14500 | J90: 13637 | K90: 200 | L90: #LiveForNow | M90: NewYearRefresh | N90: 1241 | O90: 0.085586207 | P90: No Campaign
A91: P082 | B91: Instagram | C91: 45497 | D91: Image | E91: Check out our latest image on instagram! | F91: 725 | G91: 88 | H91: 428 | I91: 14500 | J91: 13637 | K91: 200 | L91: #PepsiCoRefresh | M91: NewYearRefresh | N91: 1241 | O91: 0.085586207 | P91: No Campaign
A92: P082 | B92: Instagram | C92: 45497 | D92: Image | E92: Check out our latest image on instagram! | F92: 725 | G92: 88 | H92: 428 | I92: 14500 | J92: 13637 | K92: 200 | L92: #AnytimeIsPepsiTime | M92: NewYearRefresh | N92: 1241 | O92: 0.085586207 | P92: No Campaign
A93: P083 | B93: YouTube | C93: 45580 | D93: Video | E93: Check out our latest video on youtube! | F93: 1094 | G93: 472 | H93: 21 | I93: 9846 | J93: 9609 | K93: 112 | L93: #ThirstyForMore | N93: 1587 | O93: 0.16118221 | P93: FestiveRadiance | Q93: 45566 | R93: 45596 | S93: 200000
A94: P084 | B94: Facebook | C94: 45635 | D94: Image | E94: Check out our latest image on facebook! | F94: 1841 | G94: 851 | H94: 342 | I94: 34979 | J94: 34154 | K94: 255 | L94: #LiveForNow | M94: DailyWellness | N94: 3034 | O94: 0.086737757 | P94: No Campaign
A95: P085 | B95: Instagram | C95: 45766 | D95: Image | E95: Check out our latest image on instagram! | F95: 4177 | G95: 569 | H95: 55 | I95: 25062 | J95: 24847 | K95: 230 | L95: #LiveForNow | M95: SummerSplash | N95: 4801 | O95: 0.19156492 | P95: No Campaign
A96: P086 | B96: YouTube | C96: 45684 | D96: Text | E96: Check out our latest text on youtube! | F96: 3428 | G96: 305 | H96: 85 | I96: 58276 | J96: 58052 | K96: 242 | L96: #ThirstyForMore | M96: DailyWellness | N96: 3818 | O96: 0.065515821 | P96: No Campaign
A97: P086 | B97: YouTube | C97: 45684 | D97: Text | E97: Check out our latest text on youtube! | F97: 3428 | G97: 305 | H97: 85 | I97: 58276 | J97: 58052 | K97: 242 | L97: #BetterWithPepsi | M97: DailyWellness | N97: 3818 | O97: 0.065515821 | P97: No Campaign
A98: P087 | B98: Twitter | C98: 45449 | D98: Video | E98: Check out our latest video on twitter! | F98: 1436 | G98: 765 | H98: 496 | I98: 12924 | J98: 12701 | K98: 197 | L98: #LiveForNow | M98: NewYearRefresh | N98: 2697 | O98: 0.20868152 | P98: No Campaign
A99: P088 | B99: Facebook | C99: 45480 | D99: Story | E99: Check out our latest story on facebook! | F99: 302 | G99: 47 | H99: 430 | I99: 5738 | J99: 4890 | K99: 25 | L99: #PepsiCoRefresh | M99: DailyWellness | N99: 779 | O99: 0.13576159 | P99: SummerSplash | Q99: 45458 | R99: 45488 | S99: 150000
A100: P089 | B100: Twitter | C100: 45667 | D100: Image | E100: Check out our latest image on twitter! | F100: 2214 | G100: 249 | H100: 152 | I100: 15498 | J100: 14800 | K100: 180 | L100: #ThirstyForMore | N100: 2615 | O100: 0.16873145 | P100: NewYearRefresh | Q100: 45651 | R100: 45667 | S100: 250000
...

Sheet Hashtag_Performanance
A3: Row Labels | B3: Average of Clicks | C3: Count of Hashtags Used
A4: #AnytimeIsPepsiTime | B4: 161.2 | C4: 15
A5: #BetterWithPepsi | B5: 114.85714 | C5: 7
A6: #LiveForNow | B6: 144.03883 | C6: 103
A7: #PepsiCoRefresh | B7: 158.65421 | C7: 107
A8: #SmoothLikeNitroPepsi | B8: 111.8 | C8: 5
A9: #ThirstyForMore | B9: 151.52941 | C9: 102
A10: Grand Total | B10: 150.58702 | C10: 339
D21: Hastag Performance

Sheet Hashtag_Performance_2
A3: Row Labels | B3: Average of Likes | C3: Average of Shares
A4: #AnytimeIsPepsiTime | B4: 2219.6 | C4: 423.93333
A5: #BetterWithPepsi | B5: 3451.7143 | C5: 540.57143
A6: #LiveForNow | B6: 2634.7184 | C6: 508.63107
A7: #PepsiCoRefresh | B7: 2705.1028 | C7: 458.01869
A8: #SmoothLikeNitroPepsi | B8: 3127.8 | C8: 356.2
A9: #ThirstyForMore | B9: 2838.8039 | C9: 464.96078
A10: Grand Total | B10: 2724.115 | C10: 474.17994

Sheet Total_Engagement
A3: Row Labels | B3: Sum of Likes | C3: Sum of Shares | D3: Sum of Comments | E3: Total _Engagement
A4: Facebook | B4: 242761 | C4: 39181 | D4: 23300 | E4: 305242
A5: Instagram | B5: 204284 | C5: 41444 | D5: 17851 | E5: 263579
A6: Twitter | B6: 201397 | C6: 33728 | D6: 20880 | E6: 256005
A7: YouTube | B7: 171549 | C7: 28572 | D7: 12820 | E7: 212941
A8: Grand Total | B8: 819991 | C8: 142925 | D8: 74851 | E8: 1037767

Sheet Content_wise_Engagement_Rate
A3: Row Labels | B3: Average of Engagement Rate
A4: Carousel | B4: 0.1481492
A5: Facebook | B5: 0.1182059
A6: Instagram | B6: 0.1443986
A7: Twitter | B7: 0.15972488
A8: YouTube | B8: 0.17416554
A9: Image | B9: 0.13687494
A10: Facebook | B10: 0.11892683
A11: Instagram | B11: 0.14929862
A12: Twitter | B12: 0.14756648
A13: YouTube | B13: 0.15035568
A14: Reel | B14: 0.15615682
A15: Facebook | B15: 0.10810248
... A33: YouTube | B33: 0.12968338
A34: Grand Total | B34: 0.14828272 | D34: Content Wise Performance

Sheet Cost _Per_Engagement
A3: Row Labels | B3: Cost Per Engagement
A4: DailyWellness | B4: 1.6977929
A5: FestiveRadiance | B5: 1.4525278
A6: NewYearRefresh | B6: 7.56567
A7: No Campaign | B7: 0
A8: SummerSplash | B8: 1.4454627
A9: Grand Total | B9: 0.7516138
D18: cost per engagement

Sheet ROI
A3: Row Labels | B3: Sum of Impressions | C3: Sum of Clicks | D3: Sum of Likes | E3: Sum of Engagement Rate | F3: Average of Impressions | G3: Average of Clicks | H3: Average of Likes | I3: Average of Engagement Rate | J3: Cost_Per_Engagement
A4: DailyWellness | B4: 1041227 | C4: 5178 | D4: 80561 | E4: 3.878732 | F4: 32538.344 | G4: 161.8125 | H4: 2517.5312 | I4: 0.12121038 | J4: 1.6977929
A5: FestiveRadiance | B5: 1481776 | C5: 4629 | D5: 108706 | E5: 4.6282266 | F5: 42336.457 | G5: 132.25714 | H5: 3105.8857 | I5: 0.13223505 | J5: 1.4525278
A6: NewYearRefresh | B6: 274002 | C6: 1056 | D6: 25930 | E6: 1.5012453 | F6: 27400.2 | G6: 105.6 | H6: 2593 | I6: 0.15012453 | J6: 7.56567
A7: No Campaign | B7: 6426197 | C7: 30744 | D7: 519167 | E7: 31.684739 | F7: 32786.719 | G7: 156.85714 | H7: 2648.8112 | I7: 0.16165683 | J7: 0
A8: SummerSplash | B8: 1170951 | C8: 3759 | D8: 85627 | E8: 2.7918748 | F8: 43368.556 | G8: 139.22222 | H8: 3171.3704 | I8: 0.10340277 | J8: 1.4454627
A9: Grand Total | B9: 10394153 | C9: 45366 | D9: 819991 | E9: 44.484817 | F9: 34647.177 | G9: 151.22 | H9: 2733.3033 | I9: 0.14828272 | J9: 0.7516138
A35: Return of Investment By Campaign

Sheet Engagement Summary
A1: Week_Start_Date | B1: Platform | C1: New_Followers | D1: Unfollows | E1: Total_Followers | F1: Engagement_Rate | G1: Ad_Spend
A2: 2024-06-03 | B2: Instagram | C2: 1135 | D2: 88 | E2: 344084 | F2: 8.06 | G2: 5904
A3: 2024-06-03 | B3: Facebook | C3: 1312 | D3: 310 | E3: 42654 | F3: 4.98 | G3: 9566
A4: 2024-06-03 | B4: Twitter | C4: 584 | D4: 169 | E4: 146834 | F4: 8.31 | G4: 26752
A5: 2024-06-03 | B5: YouTube | C5: 1535 | D5: 445 | E5: 395536 | F5: 4.11 | G5: 30671
A6: 2024-06-10 | B6: Instagram | C6: 656 | D6: 139 | E6: 49157 | F6: 9.05 | G6: 9920
A7: 2024-06-10 | B7: Facebook | C7: 1697 | D7: 414 | E7: 316555 | F7: 2.37 | G7: 7924
A8: 2024-06-10 | B8: Twitter | C8: 436 | D8: 250 | E8: 254347 | F8: 4.01 | G8: 8912
A9: 2024-06-10 | B9: YouTube | C9: 1197 | D9: 203 | E9: 413878 | F9: 3.16 | G9: 21205
A10: 2024-06-17 | B10: Instagram | C10: 1048 | D10: 155 | E10: 456946 | F10: 2.46 | G10: 11329
A11: 2024-06-17 | B11: Facebook | C11: 1753 | D11: 371 | E11: 169496 | F11: 8.11 | G11: 46670
A12: 2024-06-17 | B12: Twitter | C12: 1335 | D12: 40 | E12: 122732 | F12: 8.19 | G12: 22482
A13: 2024-06-17 | B13: YouTube | C13: 403 | D13: 66 | E13: 382851 | F13: 3.49 | G13: 24313
... A201: 2025-05-12 | B201: YouTube | C201: 119 | D201: 456 | E201: 82558 | F201: 6.81 | G201: 12174

Sheet Engagement Summary (2)
A1: Week_Start_Date | B1: Platform | C1: New_Followers | D1: Unfollows | E1: Total_Followers | F1: Engagement_Rate | G1: Ad_Spend | H1: Net_Growth | I1: Growth_Rate
A2: 45446 | B2: Instagram | C2: 1135 | D2: 88 | E2: 344084 | F2: 8.06 | G2: 5904 | H2: =Table2[[#This Row],[New_Followers]]-Table2[[#This Row],[Unfollows]] -> 1047 | I2: =Table2[[#This Row],[Net_Growth]]/(Table2[[#This Row],[Total_Followers]]-Table2[[#This Row],[Net_Growth]]) -> 0.0030521489
A3: 45446 | B3: Facebook | C3: 1312 | D3: 310 | E3: 42654 | F3: 4.98 | G3: 9566 | H3: =Table2[[#This Row],[New_Followers]]-Table2[[#This Row],[Unfollows]] -> 1002 | I3: =Table2[[#This Row],[Net_Growth]]/(Table2[[#This Row],[Total_Followers]]-Table2[[#This Row],[Net_Growth]]) -> 0.024056468
A4: 45446 | B4: Twitter | C4: 584 | D4: 169 | E4: 146834 | F4: 8.31 | G4: 26752 | H4: =Table2[[#This Row],[New_Followers]]-Table2[[#This Row],[Unfollows]] -> 415 | I4: =Table2[[#This Row],[Net_Growth]]/(Table2[[#This Row],[Total_Followers]]-Table2[[#This Row],[Net_Growth]]) -> 0.0028343316
A5: 45446 | B5: YouTube | C5: 1535 | D5: 445 | E5: 395536 | F5: 4.11 | G5: 30671 | H5: =Table2[[#This Row],[New_Followers]]-Table2[[#This Row],[Unfollows]] -> 1090 | I5: =Table2[[#This Row],[Net_Growth]]/(Table2[[#This Row],[Total_Followers]]-Table2[[#This Row],[Net_Growth]]) -> 0.0027633694
A6: 45453 | B6: Instagram | C6: 656 | D6: 139 | E6: 49157 | F6: 9.05 | G6: 9920 | H6: =Table2[[#This Row],[New_Followers]]-Table2[[#This Row],[Unfollows]] -> 517 | I6: =Table2[[#This Row],[Net_Growth]]/(Table2[[#This Row],[Total_Followers]]-Table2[[#This Row],[Net_Growth]]) -> 0.010629112
A7: 45453 | B7: Facebook | C7: 1697 | D7: 414 | E7: 316555 | F7: 2.37 | G7: 7924 | H7: =Table2[[#This Row],[New_Followers]]-Table2[[#This Row],[Unfollows]] -> 1283 | I7: =Table2[[#This Row],[Net_Growth]]/(Table2[[#This Row],[Total_Followers]]-Table2[[#This Row],[Net_Growth]]) -> 0.0040695019
A8: 45453 | B8: Twitter | C8: 436 | D8: 250 | E8: 254347 | F8: 4.01 | G8: 8912 | H8: =Table2[[#This Row],[New_Followers]]-Table2[[#This Row],[Unfollows]] -> 186 | I8: =Table2[[#This Row],[Net_Growth]]/(Table2[[#This Row],[Total_Followers]]-Table2[[#This Row],[Net_Growth]]) -> 0.00073181959
A9: 45453 | B9: YouTube | C9: 1197 | D9: 203 | E9: 413878 | F9: 3.16 | G9: 21205 | H9: =Table2[[#This Row],[New_Followers]]-Table2[[#This Row],[Unfollows]] -> 994 | I9: =Table2[[#This Row],[Net_Growth]]/(Table2[[#This Row],[Total_Followers]]-Table2[[#This Row],[Net_Growth]]) -> 0.0024074558
A10: 45460 | B10: Instagram | C10: 1048 | D10: 155 | E10: 456946 | F10: 2.46 | G10: 11329 | H10: =Table2[[#This Row],[New_Followers]]-Table2[[#This Row],[Unfollows]] -> 893 | I10: =Table2[[#This Row],[Net_Growth]]/(Table2[[#This Row],[Total_Followers]]-Table2[[#This Row],[Net_Growth]]) -> 0.0019581057
A11: 45460 | B11: Facebook | C11: 1753 | D11: 371 | E11: 169496 | F11: 8.11 | G11: 46670 | H11: =Table2[[#This Row],[New_Followers]]-Table2[[#This Row],[Unfollows]] -> 1382 | I11: =Table2[[#This Row],[Net_Growth]]/(Table2[[#This Row],[Total_Followers]]-Table2[[#This Row],[Net_Growth]]) -> 0.0082206122
A12: 45460 | B12: Twitter | C12: 1335 | D12: 40 | E12: 122732 | F12: 8.19 | G12: 22482 | H12: =Table2[[#This Row],[New_Followers]]-Table2[[#This Row],[Unfollows]] -> 1295 | I12: =Table2[[#This Row],[Net_Growth]]/(Table2[[#This Row],[Total_Followers]]-Table2[[#This Row],[Net_Growth]]) -> 0.010663966
A13: 45460 | B13: YouTube | C13: 403 | D13: 66 | E13: 382851 | F13: 3.49 | G13: 24313 | H13: =Table2[[#This Row],[New_Followers]]-Table2[[#This Row],[Unfollows]] -> 337 | I13: =Table2[[#This Row],[Net_Growth]]/(Table2[[#This Row],[Total_Followers]]-Table2[[#This Row],[Net_Growth]]) -> 0.00088101351
... A201: 45789 | B201: YouTube | C201: 119 | D201: 456 | E201: 82558 | F201: 6.81 | G201: 12174 | H201: =Table2[[#This Row],[New_Followers]]-Table2[[#This Row],[Unfollows]] -> -337 | I201: =Table2[[#This Row],[Net_Growth]]/(Table2[[#This Row],[Total_Followers]]-Table2[[#This Row],[Net_Growth]]) -> -0.0040653839

Sheet Highest_follower_gain
A1: Week_Start_Date | B1: Net_Gain
A2: 45453 | B2: 2980
A3: 45446 | B3: 3554
A4: 45460 | B4: 3907
A5: 45467 | B5: 3011
A6: 45474 | B6: 1293
A7: 45481 | B7: 3042
A8: 45488 | B8: 2270
A9: 45495 | B9: 2753
A10: 45502 | B10: 2193
A11: 45509 | B11: 802
A12: 45516 | B12: 3728
A13: 45523 | B13: 2989
... A51: 45789 | B51: 1995
A52: Grand Total | B52: =SUM(B2:B51) -> 160105
A54: the week with the highest net follower gain is 09-09-2024 with follower gain of 4360

Sheet Platform_wise_Growth
A3: Sum of Net_Growth | B3: Column Labels
A4: Row Labels | B4: Facebook | C4: Instagram | D4: Twitter | E4: YouTube | F4: Grand Total
A5: 45446 | B5: 1002 | C5: 1047 | D5: 415 | E5: 1090 | F5: 3554
A6: 45453 | B6: 1283 | C6: 517 | D6: 186 | E6: 994 | F6: 2980
A7: 45460 | B7: 1382 | C7: 893 | D7: 1295 | E7: 337 | F7: 3907
A8: 45467 | B8: 1670 | C8: 629 | D8: 835 | E8: -123 | F8: 3011
A9: 45474 | B9: 64 | C9: -219 | D9: 1357 | E9: 91 | F9: 1293
A10: 45481 | B10: 309 | C10: 1672 | D10: 547 | E10: 514 | F10: 3042
A11: 45488 | B11: -164 | C11: 1845 | D11: 429 | E11: 160 | F11: 2270
A12: 45495 | B12: 961 | C12: 159 | D12: 1316 | E12: 317 | F12: 2753
A13: 45502 | B13: -318 | C13: 541 | D13: 1495 | E13: 475 | F13: 2193
A14: 45509 | B14: -197 | C14: 352 | D14: 328 | E14: 319 | F14: 802
A15: 45516 | B15: 1334 | C15: 1325 | D15: 37 | E15: 1032 | F15: 3728
A16: 45523 | B16: 1058 | C16: 76 | D16: 1665 | E16: 190 | F16: 2989
... A54: 45789 | B54: 407 | C54: 1656 | D54: 269 | E54: -337 | F54: 1995
A55: Grand Total | B55: 35557 | C55: 48004 | D55: 41177 | E55: 35367 | F55: 160105

Sheet Follower_Impact
A1: Campaign Name | B1: Empact
A2: SummerSplash | B2: 13523
A3: FestiveRadiance | B3: 109446
A4: NewYearRefresh | B4: 10087
A5: DailyWellness | B5: 16078
A6: Total Growth | B6: =SUM(B2:B5) -> 149134
D16: Follower Impact

Sheet Growth_Rate
A3: Row Labels | B3: Average of Growth_Rate
A4: Facebook | B4: 0.0056172954
A5: Instagram | B5: 0.0058423706
A6: Twitter | B6: 0.0098462445
A7: YouTube | B7: 0.0094326224
A8: Grand Total | B8: 0.0076846332
D26: Platform-wise Follower Growth

Sheet Campaign Metadata
A1: Campaign_Name | B1: Start_Date | C1: End_Date | D1: Objective | E1: Total_Budget | F1: Target_Platforms | G1: Primary_Hashtags
A2: SummerSplash | B2: 2024-06-15 | C2: 2024-07-15 | D2: Brand Awareness | E2: 150000 | F2: Instagram,Facebook | G2: #ThirstyForMore,#PepsiCoRefresh
A3: FestiveRadiance | B3: 2024-10-01 | C3: 2024-10-31 | D3: Engagement | E3: 200000 | F3: Instagram,YouTube | G3: #AnytimeIsPepsiTime,
A4: NewYearRefresh | B4: 2024-12-25 | C4: 2025-01-10 | D4: Product Launch | E4: 250000 | F4: Facebook,Twitter | G4: #SmoothLikeNitroPepsi
A5: DailyWellness | B5: 2025-03-01 | C5: 2025-03-31 | D5: Traffic | E5: 180000 | F5: Instagram,Twitter | G5: #BetterWithPepsi,#LiveForNow

Sheet Campaign Metadata (2)
A1: Campaign_Name | B1: Start_Date | C1: End_Date | D1: Objective | E1: Total_Budget | F1: Target_Platforms | G1: Primary_Hashtags | H1: Before_Period_Start_Date | I1: Avg_Engagement_During | J1: Avg_Engagement_Before | K1: Engagement_Uplift
A2: SummerSplash | B2: 45458 | C2: 45488 | D2: Brand Awareness | E2: 150000 | F2: Instagram,Facebook | G2: #ThirstyForMore,#PepsiCoRefresh | H2: =(Table3[[#This Row],[Start_Date]]-30) -> 45428 | I2: =AVERAGEIFS(Cleaned_Data!$O:$O, Cleaned_Data!$C:$C, ">="&B2, Cleaned_Data!$C:$C, "<="&C2) -> 0.10340277 | J2: =AVERAGEIFS(Cleaned_Data!$O:$O, Cleaned_Data!$C:$C, ">="&H2, Cleaned_Data!$C:$C, "<"&B2) -> 0.22901998 | K2: =(I2-J2)/J2 -> -0.54849891
A3: FestiveRadiance | B3: 45566 | C3: 45596 | D3: Engagement | E3: 200000 | F3: Instagram,YouTube | G3: #AnytimeIsPepsiTime, | H3: =(Table3[[#This Row],[Start_Date]]-30) -> 45536 | I3: =AVERAGEIFS(Cleaned_Data!$O:$O, Cleaned_Data!$C:$C, ">="&B3, Cleaned_Data!$C:$C, "<="&C3) -> 0.13223505 | J3: =AVERAGEIFS(Cleaned_Data!$O:$O, Cleaned_Data!$C:$C, ">="&H3, Cleaned_Data!$C:$C, "<"&B3) -> 0.12967079 | K3: =(I3-J3)/J3 -> 0.019775091
A4: NewYearRefresh | B4: 45651 | C4: 45667 | D4: Product Launch | E4: 250000 | F4: Facebook,Twitter | G4: #SmoothLikeNitroPepsi | H4: =(Table3[[#This Row],[Start_Date]]-30) -> 45621 | I4: =AVERAGEIFS(Cleaned_Data!$O:$O, Cleaned_Data!$C:$C, ">="&B4, Cleaned_Data!$C:$C, "<="&C4) -> 0.15012453 | J4: =AVERAGEIFS(Cleaned_Data!$O:$O, Cleaned_Data!$C:$C, ">="&H4, Cleaned_Data!$C:$C, "<"&B4) -> 0.14479917 | K4: =(I4-J4)/J4 -> 0.036777536
A5: DailyWellness | B5: 45717 | C5: 45747 | D5: Traffic | E5: 180000 | F5: Instagram,Twitter | G5: #BetterWithPepsi,#LiveForNow | H5: =(Table3[[#This Row],[Start_Date]]-30) -> 45687 | I5: =AVERAGEIFS(Cleaned_Data!$O:$O, Cleaned_Data!$C:$C, ">="&B5, Cleaned_Data!$C:$C, "<="&C5) -> 0.12121038 | J5: =AVERAGEIFS(Cleaned_Data!$O:$O, Cleaned_Data!$C:$C, ">="&H5, Cleaned_Data!$C:$C, "<"&B5) -> 0.19313845 | K5: =(I5-J5)/J5 -> -0.37241718

Sheet Ad_Spent
A3: Row Labels | B3: Sum of Ad_Spend | C3: Average of Engagement_Rate
A4: Facebook | B4: 1379539 | C4: 5.6486
A5: Instagram | B5: 1164373 | C5: 5.7156
A6: Twitter | B6: 1060357 | C6: 5.6558
A7: YouTube | B7: 1228647 | C7: 5.5588
A8: Grand Total | B8: 4832916 | C8: 5.6447
E18: Platform-wise Ad Spend
